"{0.27449491699269735, 2}","{0.2534175995631598, 2.5}","{0.23747973827406424, 3.}","{0.22489980852889546, 3.5}","{0.21465491513554102, 4.}","{0.20611047560781984, 4.5}","{0.1988492611933116, 5.}","{0.19258424095496574, 5.5}","{0.18711064588827298, 6.}","{0.18227797080473335, 6.5}","{0.1779728022424673, 7.}","{0.17410785020091862, 7.5}","{0.17061469832445966, 8.}","{0.1674388693537584, 8.5}","{0.16453638009425833, 9.}","{0.16187128227831282, 9.5}","{0.1594138724477524, 10.}","{0.1571393659496595, 10.5}","{0.15502689928511354, 11.}","{0.1530587688923185, 11.5}","{0.15121984290490098, 12.}","{0.14949710129595678, 12.5}","{0.14787927257218902, 13.}","{0.14635654395432704, 13.5}","{0.144920328110052, 14.}","{0.14356307385260902, 14.5}","{0.14227811134272525, 15.}","{0.1410595246051011, 15.5}","{0.13990204584466917, 16.}","{0.13880096729332997, 16.5}","{0.13775206725397598, 17.}","{0.13675154771879508, 17.5}","{0.13579598148228117, 18.}","{0.13488226708869339, 18.5}","{0.13400759027974254, 19.}","{0.13316939086361898, 19.5}","{0.13236533412782794, 20.}","{0.13159328607812396, 20.5}","{0.13085129191344708, 21.}","{0.13013755724927295, 21.5}","{0.12945043168458728, 22.}","{0.1287883943749095, 22.5}","{0.12815004132863328, 23.}","{0.1275340741889224, 23.5}","{0.1269392903004372, 24.}","{0.12636457389079608, 24.5}","{0.1258088882221088, 25.}","{0.1252712685891557, 25.5}","{0.12475081605852499, 26.}","{0.1242466918579574, 26.5}","{0.12375811233770256, 27.}","{0.12328434443636369, 27.5}","{0.12282470159269444, 28.}","{0.1223785400525411, 28.5}","{0.12194525552664703, 29.}","{0.12152428016068059, 29.5}","{0.1211150797836623, 30.}","{0.12071715140511918, 30.5}","{0.12033002093487903, 31.}","{0.11995324110253561, 31.5}","{0.1195863895562747, 32.}","{0.11922906712312617, 32.5}","{0.11888089621471824, 33.}","{0.11854151936440925, 33.5}","{0.11821059788321948, 34.}","{0.11788781062335368, 34.5}","{0.11757285283931464, 35.}","{0.11726543513764892, 35.5}","{0.11696528250731734, 36.}","{0.116672133423486, 36.5}","{0.11638573901828714, 37.}","{0.11610586231272066, 37.5}","{0.11583227750445893, 38.}","{0.1155647693068277, 38.5}","{0.11530313233467473, 39.}","{0.1150471705332701, 39.5}","{0.11479669664672333, 40.}","{0.11455153172273473, 40.5}","{0.11431150465080064, 41.}","{0.11407645173122748, 41.5}","{0.11384621627257788, 42.}","{0.11362064821536029, 42.5}","{0.11339960377996147, 43.}","{0.11318294513702166, 43.5}","{0.1129705400985721, 44.}","{0.11276226182841735, 44.5}","{0.11255798857036815, 45.}","{0.11235760339303877, 45.5}","{0.11216099395004174, 46.}","{0.11196805225448533, 46.5}","{0.11177867446679225, 47.}","{0.11159276069491528, 47.5}","{0.1114102148061122, 48.}","{0.11123094424949292, 48.5}","{0.1110548598886284, 49.}","{0.11088187584355395, 49.5}"
"{0.39893825472775163, 2}","{0.39281027256980555, 2.5}","{0.38750226984775366, 3.}","{0.3828407983138796, 3.5}","{0.37869331870413336, 4.}","{0.3749614029768265, 4.5}","{0.371571342690318, 5.}","{0.3684669906737799, 5.5}","{0.3656047835874012, 6.}","{0.36295032599248056, 6.5}","{0.3604760248842077, 7.}","{0.3581594252911158, 7.5}","{0.35598201816385555, 8.}","{0.35392837136136596, 8.5}","{0.3519854854932496, 9.}","{0.35014230896054416, 9.5}","{0.34838936758336114, 10.}","{0.34671847799469196, 10.5}","{0.345122523161095, 11.}","{0.34359527460283507, 11.5}","{0.3421312501553148, 12.}","{0.34072559909220834, 12.5}","{0.33937400853845723, 13.}","{0.3380726266130973, 13.5}","{0.3368179988394433, 14.}","{0.33560701516711006, 14.5}","{0.3344368655494946, 15.}","{0.3333050024702725, 15.5}","{0.33220910915348373, 16.}","{0.33114707245255787, 16.5}","{0.3301169596148725, 17.}","{0.3291169982748429, 17.5}","{0.3281455591512617, 18.}","{0.32720114102120945, 18.5}","{0.32628235761996055, 19.}","{0.32538792617754514, 19.5}","{0.3245166573523057, 20.}","{0.3236674463616992, 20.5}","{0.32283926514316935, 21.}","{0.3220311554045961, 21.5}","{0.3212422224456801, 22.}","{0.32047162964967657, 22.5}","{0.31971859355996357, 23.}","{0.31898237946831937, 23.5}","{0.31826229745232165, 24.}","{0.31755769880799123, 24.5}","{0.316867972831229, 25.}","{0.3161925439078472, 25.5}","{0.31553086887730447, 26.}","{0.31488243463976423, 26.5}","{0.314246755979992, 27.}","{0.31362337358488007, 27.5}","{0.31301185223428024, 28.}","{0.3124117791472239, 28.5}","{0.31182276246777607, 29.}","{0.31124442987660206, 29.5}","{0.3106764273158855, 30.}","{0.31011841781668376, 30.5}","{0.3095700804189663, 31.}","{0.3090311091756914, 31.5}","{0.3085012122331703, 32.}","{0.30798011098080597, 32.5}","{0.30746753926403136, 33.}","{0.30696324265486297, 33.5}","{0.30646697777508053, 34.}","{0.3059785116675582, 34.5}","{0.3054976212116652, 35.}","{0.3050240925790881, 35.5}","{0.3045577207267734, 36.}","{0.3040983089239561, 36.5}","{0.3036456683106152, 37.}","{0.30319961748481816, 37.5}","{0.3027599821167752, 38.}","{0.3023265945875001, 38.5}","{0.3018992936502457, 39.}","{0.30147792411303104, 39.5}","{0.30106233654063924, 40.}","{0.30065238697475943, 40.5}","{0.3002479366708665, 41.}","{0.2998488518507203, 41.5}","{0.29945500346937054, 42.}","{0.299066266995632, 42.5}","{0.2986825222051316, 43.}","{0.29830365298507744, 43.5}","{0.2979295471499175, 44.}","{0.2975600962672528, 44.5}","{0.2971951954932142, 45.}","{0.29683474341680416, 45.5}","{0.2964786419125448, 46.}","{0.2961267960009406, 46.5}","{0.29577911371626436, 47.}","{0.2954355059811989, 47.5}","{0.2950958864879025, 48.}","{0.2947601715851551, 48.5}","{0.2944282801711435, 49.}","{0.29410013359162285, 49.5}"
"{0.4602340137999162, 2}","{0.46417705172290097, 2.5}","{0.46693594550575096, 3.}","{0.46895304395906184, 3.5}","{0.470471085642833, 4.}","{0.4716357351435575, 4.5}","{0.4725403231296439, 5.}","{0.4732477208300057, 5.5}","{0.47380198910607824, 6.}","{0.47423501018823794, 6.5}","{0.47457047114989753, 7.}","{0.47482636455165617, 7.5}","{0.4750166172724181, 8.}","{0.47515218527727227, 8.5}","{0.47524180955288403, 9.}","{0.4752925504657246, 9.5}","{0.4753101733426917, 10.}","{0.4752994318053355, 10.5}","{0.47526427937138144, 11.}","{0.4752080297953549, 11.5}","{0.47513348016633195, 12.}","{0.475043006539734, 12.5}","{0.47493863903669015, 13.}","{0.474822121403061, 13.5}","{0.474694958672422, 14.}","{0.4745584556274644, 14.5}","{0.4744137480752809, 15.}","{0.4742618284605217, 15.5}","{0.47410356698038, 16.}","{0.47393972909855747, 16.5}","{0.4737709901558574, 17.}","{0.4735979476241165, 17.5}","{0.4734211314354179, 18.}","{0.4732410127299561, 18.5}","{0.4730580112975885, 19.}","{0.4728725019346295, 19.5}","{0.4726848198954736, 20.}","{0.47249526558533234, 20.5}","{0.47230410861400735, 21.}","{0.47211159130943464, 21.5}","{0.4719179317726079, 22.}","{0.4717233265417787, 22.5}","{0.4715279529225455, 23.}","{0.47133197103132185, 23.5}","{0.4711355255920316, 24.}","{0.4709387475198345, 24.5}","{0.4707417553203302, 25.}","{0.4705446563286319, 25.5}","{0.47034754780887805, 26.}","{0.4701505179321097, 26.5}","{0.4699536466474305, 27.}","{0.46975700645983887, 27.5}","{0.46956066312578626, 28.}","{0.4693646762763441, 28.5}","{0.4691690999764396, 29.}","{0.4689739832274866, 29.5}","{0.4687793704198907, 30.}","{0.4685853017409858, 30.5}","{0.46839181354333576, 31.}","{0.468198938677726, 31.5}","{0.468006706794563, 32.}","{0.4678151446171143, 32.5}","{0.4676242761894409, 33.}","{0.4674341231017002, 33.5}","{0.4672447046950485, 34.}","{0.4670560382482271, 34.5}","{0.46686813914768827, 35.}","{0.46668102104277875, 35.5}","{0.4664946959874864, 36.}","{0.4663091745700752, 36.5}","{0.4661244660316308, 37.}","{0.46594057837469466, 37.5}","{0.4657575184627878, 38.}","{0.4655752921117434, 38.5}","{0.46539390417353493, 39.}","{0.4652133586132863, 39.5}","{0.4650336585800758, 40.}","{0.4648548064720985, 40.5}","{0.4646768039966154, 41.}","{0.4644996522251976, 41.5}","{0.4643233516446641, 42.}","{0.46414790220401553, 42.5}","{0.463973303357792, 43.}","{0.463799554106066, 43.5}","{0.4636266530313936, 44.}","{0.4634545983329951, 44.5}","{0.4632833878582879, 45.}","{0.46311301913214137, 45.5}","{0.4629434893838392, 46.}","{0.4627747955721807, 46.5}","{0.4626069344085598, 47.}","{0.4624399023784847, 47.5}","{0.46227369576142313, 48.}","{0.4621083106492626, 48.5}","{0.4619437429633559, 49.}","{0.4617799884703972, 49.5}"
"{0.5207655573219079, 2}","{0.5362617413264454, 2.5}","{0.5487885931654171, 3.}","{0.5592541855931987, 3.5}","{0.5682082915541995, 4.}","{0.5760085743023688, 4.5}","{0.5829004998402965, 5.}","{0.5890596589161164, 5.5}","{0.5946158833260775, 6.}","{0.5996678032340278, 6.5}","{0.6042920540311593, 7.}","{0.6085493283919934, 7.5}","{0.6124884859320099, 8.}","{0.6161494224043763, 8.5}","{0.6195651214893272, 9.}","{0.6227631531100295, 9.5}","{0.625766787958395, 10.}","{0.6285958402373515, 10.5}","{0.6312673143012766, 11.}","{0.6337959074086641, 11.5}","{0.6361944052907801, 12.}","{0.6384739967765488, 12.5}","{0.6406445265230328, 13.}","{0.6427146998754186, 13.5}","{0.6446922503134721, 14.}","{0.6465840773742136, 14.5}","{0.6483963610681782, 15.}","{0.6501346574254421, 15.5}","{0.6518039787761183, 16.}","{0.6534088615931662, 16.5}","{0.6549534241332814, 17.}","{0.6564414156576531, 17.5}","{0.6578762586617557, 18.}","{0.6592610852691144, 18.5}","{0.6605987687274681, 19.}","{0.6618919507749353, 19.5}","{0.6631430655069511, 20.}","{0.6643543602657799, 20.5}","{0.6655279139856627, 21.}","{0.6666656533553319, 21.5}","{0.667769367101048, 22.}","{0.6688407186453285, 22.5}","{0.6698812573573925, 23.}","{0.6708924285782795, 23.5}","{0.6718755825767868, 24.}","{0.6728319825696091, 24.5}","{0.6737628119200628, 25.}","{0.6746691806139197, 25.5}","{0.6755521310973246, 26.}","{0.6764126435503782, 26.5}","{0.6772516406603115, 27.}","{0.678069991949918, 27.5}","{0.6788685177098399, 28.}","{0.6796479925770742, 28.5}","{0.680409148797254, 29.}","{0.6811526792032737, 29.5}","{0.6818792399393164, 30.}","{0.6825894529557779, 30.5}","{0.6832839082977377, 31.}","{0.6839631662069648, 31.5}","{0.6846277590553779, 32.}","{0.6852781931257488, 32.5}","{0.6859149502539249, 33.}","{0.6865384893451488, 33.5}","{0.6871492477757567, 34.}","{0.6877476426906702, 34.5}","{0.6883340722054377, 35.}","{0.6889089165214771, 35.5}","{0.6894725389614401, 36.}","{0.6900252869319414, 36.5}","{0.6905674928191258, 37.}","{0.6910994748229617, 37.5}","{0.6916215377350211, 38.}","{0.6921339736642678, 38.5}","{0.6926370627150285, 39.}","{0.6931310736206373, 39.5}","{0.6936162643364575, 40.}","{0.6940928825951602, 40.5}","{0.6945611664270466, 41.}","{0.6950213446481823, 41.5}","{0.69547363731849, 42.}","{0.695918256172185, 42.5}","{0.6963554050222996, 43.}","{0.6967852801412941, 43.5}","{0.6972080706193358, 44.}","{0.6976239587018843, 44.5}","{0.6980331201078372, 45.}","{0.6984357243296838, 45.5}","{0.698831934916793, 46.}","{0.6992219097430933, 46.5}","{0.6996058012598207, 47.}","{0.6999837567347974, 47.5}","{0.7003559184786279, 48.}","{0.7007224240589869, 48.5}","{0.7010834065034953, 49.}","{0.7014389944921501, 49.5}"
"{0.5749984300859969, 2}","{0.6021235593665933, 2.5}","{0.6249416416848682, 3.}","{0.6446413421164522, 3.5}","{0.6619744263220877, 4.}","{0.677447968444477, 4.5}","{0.6914207831916422, 5.}","{0.7041563941509218, 5.5}","{0.7158541890400251, 6.}","{0.7266687570833522, 6.5}","{0.7367224248130511, 7.}","{0.7461136803353315, 7.5}","{0.7549230087532681, 8.}","{0.7632170403734928, 8.5}","{0.771051566352291, 9.}","{0.7784737743703785, 9.5}","{0.7855239349618175, 10.}","{0.792236693174471, 10.5}","{0.798642071630397, 11.}","{0.8047662591762756, 11.5}","{0.8106322379476562, 12.}","{0.8162602870678123, 12.5}","{0.8216683910414866, 13.}","{0.8268725737214577, 13.5}","{0.8318871735718855, 14.}","{0.8367250722045536, 14.5}","{0.8413978854045744, 15.}","{0.8459161238067596, 15.5}","{0.8502893288363885, 16.}","{0.8545261883518179, 16.5}","{0.8586346355241885, 17.}","{0.8626219337900837, 17.5}","{0.8664947501689871, 18.}","{0.8702592188080793, 18.5}","{0.8739209962784521, 19.}","{0.8774853098757075, 19.5}","{0.8809569999620294, 20.}","{0.8843405572105247, 20.5}","{0.887640155472162, 21.}","{0.8908596808682727, 21.5}","{0.8940027576178051, 22.}","{0.8970727710296537, 22.5}","{0.9000728880253408, 23.}","{0.9030060755042263, 23.5}","{0.9058751168176629, 24.}","{0.9086826265813832, 24.5}","{0.9114310640229941, 25.}","{0.914122745035681, 25.5}","{0.9167598530852069, 26.}","{0.9193444490991136, 26.5}","{0.9218784804499796, 27.}","{0.924363789130317, 27.5}","{0.9268021192052247, 28.}","{0.9291951236178152, 28.5}","{0.9315443704137902, 29.}","{0.9338513484436654, 29.5}","{0.9361174725944151, 30.}","{0.9383440885964582, 30.5}","{0.940532477446306, 31.}","{0.9426838594817917, 31.5}","{0.9447993981416173, 32.}","{0.9468802034383056, 32.5}","{0.9489273351703689, 33.}","{0.9509418058969, 33.5}","{0.952924583695203, 34.}","{0.9548765947202512, 34.5}","{0.9567987255831124, 35.}","{0.9586918255628231, 35.5}","{0.960556708666181, 36.}","{0.9623941555475145, 36.5}","{0.9642049152996215, 37.}","{0.9659897071264055, 37.5}","{0.9677492219061422, 38.}","{0.9694841236539644, 38.5}","{0.9711950508915327, 39.}","{0.9728826179303157, 39.5}","{0.9745474160753411, 40.}","{0.9761900147553275, 40.5}","{0.9778109625840555, 41.}","{0.9794107883584602, 41.5}","{0.9809900019976662, 42.}","{0.9825490954270488, 42.5}","{0.984088543411316, 43.}","{0.9856088043399063, 43.5}","{0.9871103209682256, 44.}","{0.9885935211172426, 44.5}","{0.9900588183345717, 45.}","{0.9915066125195136, 45.5}","{0.9929372905142123, 46.}","{0.9943512266631377, 46.5}","{0.9957487833432055, 47.}","{0.9971303114659411, 47.5}","{0.9984961509536445, 48.}","{0.9998466311912592, 48.5}","{1.0011820714551942, 49.}","{1.0025027813205998, 49.5}"
"{0.6055986815813743, 2}","{0.6397781277850161, 2.5}","{0.6690373230386232, 3.}","{0.6946667296341035, 3.5}","{0.7174973941877014, 4.}","{0.7380988217674288, 4.5}","{0.7568796716465062, 5.}","{0.7741438171280061, 5.5}","{0.7901237362246675, 6.}","{0.805001479594819, 6.5}","{0.8189224108847102, 7.}","{0.8320045331601522, 7.5}","{0.8443450093113382, 8.}","{0.8560248371686198, 8.5}","{0.8671122754519227, 9.}","{0.8776654026067758, 9.5}","{0.8877340603599373, 10.}","{0.8973613521347146, 10.5}","{0.9065848138073727, 11.}","{0.9154373395186856, 11.5}","{0.9239479218001473, 12.}","{0.9321422491459582, 12.5}","{0.9400431928749342, 13.}","{0.947671207101037, 13.5}","{0.9550446598436854, 14.}","{0.9621801090772729, 14.5}","{0.9690925343892349, 15.}","{0.9757955325731951, 15.5}","{0.9823014837120465, 16.}","{0.9886216929535612, 16.5}","{0.9947665121390067, 17.}","{1.0007454446355601, 17.5}","{1.0065672360890758, 18.}","{1.0122399533132707, 18.5}","{1.0177710531347695, 19.}","{1.0231674426939346, 19.5}","{1.0284355324473191, 20.}","{1.0335812829092392, 20.5}","{1.0386102460017907, 21.}","{1.0435276017449135, 21.5}","{1.0483381909044012, 22.}","{1.0530465441218035, 22.5}","{1.0576569079733076, 23.}","{1.06217326833831, 23.5}","{1.0665993714058217, 24.}","{1.0709387425996688, 24.5}","{1.0751947036661038, 25.}","{1.0793703881340826, 25.5}","{1.0834687553316094, 26.}","{1.0874926031167274, 26.5}","{1.0914445794629768, 27.}","{1.095327193021008, 27.5}","{1.0991428227628854, 28.}","{1.1028937268037844, 28.5}","{1.1065820504838222, 29.}","{1.1102098337834432, 29.5}","{1.1137790181372675, 30.}","{1.1172914527046025, 30.5}","{1.1207489001470339, 31.}","{1.1241530419602883, 31.5}","{1.1275054833995384, 32.}","{1.1308077580363143, 32.5}","{1.1340613319785018, 33.}","{1.1372676077839408, 33.5}","{1.1404279280931797, 34.}","{1.143543579005741, 34.5}","{1.1466157932212078, 35.}","{1.1496457529648068, 35.5}","{1.1526345927144408, 36.}","{1.155583401745931, 36.5}","{1.1584932265101169, 37.}","{1.1613650728556415, 37.5}","{1.1641999081087848, 38.}","{1.1669986630216636, 38.5}","{1.1697622335981077, 39.}","{1.1724914828074666, 39.5}","{1.1751872421929914, 40.}","{1.1778503133837612, 40.5}","{1.1804814695164594, 41.}","{1.183081456573441, 41.5}","{1.1856509946428797, 42.}","{1.1881907791066526, 42.5}","{1.190701481760743, 43.}","{1.1931837518725055, 43.5}","{1.1956382171794044, 44.}","{1.1980654848328167, 44.5}","{1.2004661422905207, 45.}","{1.2028407581614313, 45.5}","{1.2051898830050494, 46.}","{1.2075140500893355, 46.5}","{1.2098137761088368, 47.}","{1.212089561865965, 47.5}","{1.2143418929173402, 48.}","{1.2165712401879607, 48.5}","{1.2187780605542464, 49.}","{1.220962797398552, 49.5}"
"{0.5798738985933335, 2}","{0.551865092683838, 2.5}","{0.5299394554261956, 3.}","{0.5122421670773435, 3.5}","{0.4976175932744328, 4.}","{0.4853042869840808, 4.5}","{0.474778064768657, 5.}","{0.46566512439809393, 5.5}","{0.45769105325240517, 6.}","{0.4506494436911308, 6.5}","{0.44438179666387656, 7.}","{0.438764215621236, 7.5}","{0.43369834001623425, 8.}","{0.429105012003633, 8.5}","{0.42491975497723106, 9.}","{0.421089482925032, 9.5}","{0.41757006421409953, 10.}","{0.41432449008783523, 10.5}","{0.41132147862675694, 11.}","{0.40853439724027657, 11.5}","{0.4059404214884003, 12.}","{0.4035198715294909, 12.5}","{0.4012556836632614, 13.}","{0.3991329857463755, 13.5}","{0.39713875327966186, 14.}","{0.39526152873274495, 14.5}","{0.39349119086838763, 15.}","{0.3918187639182158, 15.5}","{0.39023625875957824, 16.}","{0.3887365399699909, 16.5}","{0.3873132139448916, 17.}","{0.3859605342659404, 17.5}","{0.3846733212791816, 18.}","{0.3834468934424745, 18.5}","{0.38227700847108587, 19.}","{0.3811598126803076, 19.5}","{0.38009179721733877, 20.}","{0.3790697601087292, 20.5}","{0.37809077323747026, 21.}","{0.37715215351531767, 21.5}","{0.3762514376389117, 22.}","{0.37538635991826436, 22.5}","{0.374554832748338, 23.}","{0.37375492936180216, 23.5}","{0.3729848685568557, 24.}","{0.37224300114014547, 24.5}","{0.3715277978604342, 25.}","{0.3708378386633655, 25.5}","{0.37017180304866754, 26.}","{0.3695284614826523, 26.5}","{0.36890666765270314, 27.}","{0.3683053515172478, 27.5}","{0.36772351304078404, 28.}","{0.3671602165386569, 28.5}","{0.36661458556320703, 29.}","{0.36608579827161836, 29.5}","{0.36557308322317544, 30.}","{0.36507571556006374, 30.5}","{0.3645930135313582, 31.}","{0.36412433532467703, 31.5}","{0.3636690761740583, 32.}","{0.3632266657163541, 32.5}","{0.3627965655714367, 33.}","{0.3623782671244363, 33.5}","{0.3619712894904724, 34.}","{0.3615751776446459, 34.5}","{0.36118950070169487, 35.}","{0.360813850331599, 35.5}","{0.3604478392986355, 36.}","{0.36009110011285783, 36.5}","{0.35974328378397635, 37.}","{0.35940405866863456, 37.5}","{0.3590731094030554, 38.}","{0.3587501359137184, 38.5}","{0.358434852499457, 39.}","{0.3581269869790932, 39.5}","{0.357826279899107, 40.}","{0.3575324837965523, 40.5}","{0.3572453625126782, 41.}","{0.3569646905532884, 41.5}","{0.35669025249214087, 42.}","{0.35642184241401526, 42.5}","{0.3561592633944396, 43.}","{0.35590232701325203, 43.5}","{0.35565085289949644, 44.}","{0.35540466830524003, 44.5}","{0.3551636077062994, 45.}","{0.35492751242778436, 45.5}","{0.35469623029278635, 46.}","{0.35446961529248666, 46.5}","{0.35424752727619924, 47.}","{0.3540298316599574, 47.5}","{0.3538163991523416, 48.}","{0.3536071054963948, 48.5}","{0.35340183122649976, 49.}","{0.35320046143927947, 49.5}"
"{0.8095763600014588, 2}","{0.8093563078537243, 2.5}","{0.8084687057541734, 3.}","{0.8072443476059867, 3.5}","{0.805851051053938, 4.}","{0.8043797718858985, 4.5}","{0.8028819858064108, 5.}","{0.8013875811209547, 5.5}","{0.7999140750463763, 6.}","{0.7984716393956954, 6.5}","{0.7970659680862002, 7.}","{0.7956999740771136, 7.5}","{0.7943748237606093, 8.}","{0.7930905827873789, 8.5}","{0.7918466270943202, 9.}","{0.7906419084167615, 9.5}","{0.789475127663432, 10.}","{0.7883448488851001, 10.5}","{0.7872495743544402, 11.}","{0.7861877938682268, 11.5}","{0.7851580167918693, 12.}","{0.7841587924645268, 12.5}","{0.7831887227161494, 13.}","{0.7822464690292089, 13.5}","{0.7813307560700671, 14.}","{0.7804403727738095, 14.5}","{0.7795741717996739, 15.}","{0.7787310679227443, 15.5}","{0.7779100357549967, 16.}","{0.7771101070678843, 16.5}","{0.7763303679049994, 17.}","{0.7755699556139256, 17.5}","{0.7748280558851225, 18.}","{0.7741038998561347, 18.5}","{0.7733967613186833, 19.}","{0.772705954051812, 19.5}","{0.7720308292937422, 20.}","{0.7713707733581726, 20.5}","{0.7707252053957616, 21.}","{0.7700935752982416, 21.5}","{0.7694753617404125, 22.}","{0.7688700703538953, 22.5}","{0.7682772320258167, 23.}","{0.767696401315039, 23.5}","{0.7671271549786712, 24.}","{0.7665690906014582, 24.5}","{0.7660218253209993, 25.}","{0.7654849946420911, 25.5}","{0.7649582513336616, 26.}","{0.7644412644022968, 26.5}","{0.7639337181367223, 27.}","{0.7634353112178683, 27.5}","{0.7629457558897458, 28.}","{0.7624647771864792, 28.5}","{0.7619921122112602, 29.}","{0.7615275094635219, 29.5}","{0.7610707282105095, 30.}","{0.7606215379000972, 30.5}","{0.7601797176117898, 31.}","{0.7597450555430119, 31.5}","{0.7593173485282279, 32.}","{0.7588964015883987, 32.5}","{0.758482027508647, 33.}","{0.7580740464421228, 33.5}","{0.7576722855381524, 34.}","{0.7572765785929806, 34.5}","{0.756886765721583, 35.}","{0.7565026930489429, 35.5}","{0.7561242124196519, 36.}","{0.7557511811243877, 36.5}","{0.7553834616422954, 37.}","{0.7550209213980251, 37.5}","{0.7546634325326737, 38.}","{0.7543108716874859, 38.5}","{0.7539631197996531, 39.}","{0.7536200619093505, 39.5}","{0.7532815869772689, 40.}","{0.7529475877120604, 40.5}","{0.7526179604069725, 41.}","{0.7522926047851752, 41.5}","{0.7519714238532029, 42.}","{0.7516543237619887, 42.5}","{0.7513412136751294, 43.}","{0.7510320056438098, 43.5}","{0.7507266144880999, 44.}","{0.7504249576841677, 44.5}","{0.7501269552571314, 45.}","{0.7498325296791524, 45.5}","{0.7495416057725406, 46.}","{0.7492541106174737, 46.5}","{0.7489699734642482, 47.}","{0.7486891256495612, 47.5}","{0.7484115005168903, 48.}","{0.7481370333404453, 48.5}","{0.7478656612527275, 49.}","{0.7475973231754041, 49.5}"
"{0.9203395200047533, 2}","{0.936109126204146, 2.5}","{0.9484192100680522, 3.}","{0.9583836104805804, 3.5}","{0.9666661010658847, 4.}","{0.9736917630851047, 4.5}","{0.9797478320451125, 5.}","{0.9850366703193673, 5.5}","{0.9897056958474787, 6.}","{0.9938652898800899, 6.5}","{0.9976000218417171, 7.}","{1.000975961429652, 7.5}","{1.0040455990056925, 8.}","{1.0068512497946394, 8.5}","{1.0094274663938305, 9.}","{1.011802784813981, 9.5}","{1.0140010118328902, 10.}","{1.0160421899523082, 10.5}","{1.0179433314629107, 11.}","{1.0197189843463395, 11.5}","{1.021381673828127, 12.}","{1.022942250705418, 12.5}","{1.0244101689009986, 13.}","{1.0257937086677282, 13.5}","{1.0271001576133474, 14.}","{1.0283359586705982, 14.5}","{1.0295068319294742, 15.}","{1.0306178756276607, 15.5}","{1.0316736503926576, 16.}","{1.0326782499270575, 16.5}","{1.0336353606459527, 17.}","{1.0345483122534207, 17.5}","{1.0354201208435672, 18.}","{1.036253525799288, 18.5}","{1.0370510215177728, 19.}","{1.0378148847996898, 19.5}","{1.0385471985860095, 20.}","{1.039249872605108, 20.5}","{1.0399246613947162, 21.}","{1.0405731800846638, 21.5}","{1.0411969182620777, 22.}","{1.0417972521886076, 22.5}","{1.042375455596422, 23.}","{1.0429327092542677, 23.5}","{1.0434701094660268, 24.}","{1.043988675639768, 24.5}","{1.044489357044971, 25.}","{1.0449730388590452, 25.5}","{1.045440547589759, 26.}","{1.0458926559482478, 26.5}","{1.046330087237282, 27.}","{1.0467535193106337, 27.5}","{1.0471635881524017, 28.}","{1.0475608911183685, 28.5}","{1.0479459898767656, 29.}","{1.0483194130805074, 29.5}","{1.0486816587996663, 30.}","{1.0490331967389732, 30.5}","{1.0493744702625578, 31.}","{1.0497058982452998, 31.5}","{1.0500278767681697, 32.}","{1.0503407806727398, 32.5}","{1.0506449649885496, 33.}","{1.0509407662453287, 33.5}","{1.051228503680983, 34.}","{1.051508480354924, 34.5}","{1.0517809841754036, 35.}","{1.0520462888484743, 35.5}","{1.0523046547557415, 36.}","{1.0525563297668663, 36.5}","{1.052801549992751, 37.}","{1.0530405404841476, 37.5}","{1.0532735158806275, 38.}","{1.0535006810136143, 38.5}","{1.053722231467678, 39.}","{1.0539383541031997, 39.5}","{1.0541492275435507, 40.}","{1.0543550226296177, 40.5}","{1.0545559028442477, 41.}","{1.0547520247088904, 41.5}","{1.054943538154521, 42.}","{1.0551305868689098, 42.5}","{1.0553133086218893, 43.}","{1.0554918355702374, 43.5}","{1.0556662945438062, 44.}","{1.0558368073139601, 44.5}","{1.0560034908460378, 45.}","{1.0561664575363985, 45.5}","{1.0563258154356387, 46.}","{1.05648166845864, 46.5}","{1.0566341165823951, 47.}","{1.0567832560325539, 47.5}","{1.0569291794593225, 48.}","{1.0570719761033953, 48.5}","{1.0572117319527976, 49.}","{1.05734852989088, 49.5}"
"{1.0288750218640033, 2}","{1.0616945524216996, 2.5}","{1.088587867996669, 3.}","{1.1112970073733912, 3.5}","{1.1308979462010607, 4.}","{1.148101873337506, 4.5}","{1.1634031713878052, 5.}","{1.1771592181415071, 5.5}","{1.1896365679532173, 6.}","{1.201039200791235, 6.5}","{1.2115265946492428, 7.}","{1.221225724305888, 7.5}","{1.2302392803512388, 8.}","{1.238651451410686, 8.5}","{1.2465320870455974, 9.}","{1.2539397559251708, 9.5}","{1.26092403278514, 10.}","{1.2675272359358951, 10.5}","{1.2737857661562282, 11.}","{1.2797311516648189, 11.5}","{1.2853908731654142, 12.}","{1.2907890221320557, 12.5}","{1.2959468311075355, 13.}","{1.3008831046789613, 13.5}","{1.3056145725864943, 14.}","{1.3101561812107967, 14.5}","{1.3145213358704078, 15.}","{1.3187221035349252, 15.5}","{1.322769383444771, 16.}","{1.3266730515282632, 16.5}","{1.330442083285083, 17.}","{1.3340846588650108, 17.5}","{1.3376082533398952, 18.}","{1.341019714595291, 18.5}","{1.3443253308177787, 19.}","{1.3475308891966118, 19.5}","{1.3506417271717674, 20.}","{1.3536627773325811, 20.5}","{1.3565986068842135, 21.}","{1.3594534524489432, 21.5}","{1.3622312508466998, 22.}","{1.3649356663970067, 22.5}","{1.3675701152022486, 23.}","{1.3701377868023343, 23.5}","{1.372641663533633, 24.}","{1.3750845378771113, 24.5}","{1.377469028040075, 25.}","{1.3797975919822139, 25.5}","{1.3820725400679337, 26.}","{1.3842960465026286, 26.5}","{1.3864701596898874, 27.}","{1.3885968116291418, 27.5}","{1.3906778264578956, 28.}","{1.3927149282300384, 28.5}","{1.39470974801031, 29.}","{1.3966638303556407, 29.5}","{1.398578639245443, 30.}","{1.4004555635159157, 30.5}","{1.4022959218473174, 31.}","{1.404100967347061, 31.5}","{1.4058718917674213, 32.}","{1.4076098293920034, 32.5}","{1.4093158606215264, 33.}","{1.4109910152863179, 33.5}","{1.4126362757101252, 34.}","{1.4142525795469745, 34.5}","{1.4158408224111692, 35.}","{1.417401860317816, 35.5}","{1.4189365119503707, 36.}","{1.4204455607692337, 36.5}","{1.4219297569748377, 37.}","{1.4233898193368648, 37.5}","{1.4248264369003751, 38.}","{1.4262402705787236, 38.5}","{1.427631954641963, 39.}","{1.4290020981088778, 39.5}","{1.4303512860500567, 40.}","{1.4316800808086432, 40.5}","{1.4329890231448397, 41.}","{1.4342786333099873, 41.5}","{1.4355494120550565, 42.}","{1.4368018415785206, 42.5}","{1.4380363864177679, 43.}","{1.4392534942879782, 43.5}","{1.4404535968723418, 44.}","{1.4416371105666648, 44.5}","{1.4428044371817161, 45.}","{1.443955964605921, 45.5}","{1.445092067431262, 46.}","{1.4462131075446805, 46.5}","{1.4473194346871476, 47.}","{1.4484113869827577, 47.5}","{1.4494892914393172, 48.}","{1.4505534644227893, 48.5}","{1.451604212106637, 49.}","{1.4526418308981148, 49.5}"
"{1.125779293161346, 2}","{1.1749017753017819, 2.5}","{1.2161561005360084, 3.}","{1.251727979553916, 3.5}","{1.2829950441451976, 4.}","{1.3108844406009437, 4.5}","{1.3360511930598462, 5.}","{1.3589757878911075, 5.5}","{1.3800214133707454, 6.}","{1.3994694171595865, 6.5}","{1.4175422591101108, 7.}","{1.4344189191927779, 7.5}","{1.4502455614559577, 8.}","{1.4651431095547591, 8.5}","{1.479212750881898, 9.}","{1.4925400151246357, 9.5}","{1.5051978493155849, 10.}","{1.5172489722612874, 10.5}","{1.5287477022255627, 11.}","{1.5397413934144577, 11.5}","{1.5502715777354947, 12.}","{1.5603748816110643, 12.5}","{1.5700837690611378, 13.}","{1.5794271491504732, 13.5}","{1.5884308764850048, 14.}","{1.5971181665992504, 14.5}","{1.6055099430408706, 15.}","{1.6136251292064328, 15.5}","{1.6214808951610435, 16.}","{1.6290928675272849, 16.5}","{1.6364753088842061, 17.}","{1.6436412718418731, 17.5}","{1.65060273196473, 18.}","{1.6573707029352776, 18.5}","{1.6639553367314304, 19.}","{1.6703660110987513, 19.5}","{1.6766114062030804, 20.}","{1.682699572030835, 20.5}","{1.6886379878453874, 21.}","{1.6944336147970749, 21.5}","{1.7000929426113462, 22.}","{1.7056220311373596, 22.5}","{1.7110265474209976, 23.}","{1.7163117988686831, 23.5}","{1.721482762986138, 24.}","{1.7265441141078988, 24.5}","{1.7315002474758927, 25.}","{1.7363553009756443, 25.5}","{1.7411131747991666, 26.}","{1.7457775492665415, 26.5}","{1.7503519010096684, 27.}","{1.7548395176951785, 27.5}","{1.7592435114422051, 28.}","{1.7635668310710644, 28.5}","{1.767812273303046, 29.}","{1.771982493017336, 29.5}","{1.7760800126584502, 30.}","{1.78010723087754, 30.5}","{1.7840664304806761, 31.}","{1.7879597857505414, 31.5}","{1.7917893691986957, 32.}","{1.795557157802007, 32.5}","{1.7992650387687663, 33.}","{1.802914814876788, 33.5}","{1.8065082094213103, 34.}","{1.8100468708058965, 34.5}","{1.8135323768070055, 35.}","{1.8169662385398613, 35.5}","{1.820349904150041, 36.}","{1.8236847622533343, 36.5}","{1.826972145144363, 37.}","{1.8302133317920024, 37.5}","{1.8334095506387276, 38.}","{1.8365619822187558, 38.5}","{1.8396717616091534, 39.}","{1.842739980726405, 39.5}","{1.8457676904797173, 40.}","{1.8487559027923162, 40.5}","{1.8517055924996135, 41.}","{1.8546176991333714, 41.5}","{1.8574931286003062, 42.}","{1.8603327547620059, 42.5}","{1.8631374209233567, 43.}","{1.865907941235685, 43.5}","{1.8686451020204577, 44.}","{1.8713496630187472, 44.5}","{1.8740223585715237, 45.}","{1.8766638987350919, 45.5}","{1.8792749703364462, 46.}","{1.8818562379716621, 46.5}","{1.8844083449513591, 47.}","{1.886931914196632, 47.5}","{1.8894275490885872, 48.}","{1.8918958342734808, 48.5}","{1.8943373364278644, 49.}","{1.8967526049843582, 49.5}"
"{1.180435951890235, 2}","{1.2391737057259864, 2.5}","{1.2890727342994548, 3.}","{1.3325215098427272, 3.5}","{1.371038770124462, 4.}","{1.4056549147869863, 4.5}","{1.4371033306580425, 5.}","{1.4659256640568645, 5.5}","{1.4925339131423778, 6.}","{1.5172490977396373, 6.5}","{1.540326420413142, 7.}","{1.5619722398524265, 7.5}","{1.5823558734313206, 8.}","{1.6016180190957436, 8.5}","{1.6198769005299132, 9.}","{1.6372328392388167, 9.5}","{1.653771715072053, 10.}","{1.6695676256084677, 10.5}","{1.6846849578808334, 11.}","{1.6991800221826807, 11.5}","{1.713102354878639, 12.}","{1.7264957677927404, 12.5}","{1.739399201283129, 13.}","{1.7518474236032697, 13.5}","{1.7638716087188206, 14.}","{1.7754998171405456, 14.5}","{1.7867573987200922, 15.}","{1.7976673321648189, 15.5}","{1.808250512865499, 16.}","{1.8185259982212918, 16.5}","{1.828511217792072, 17.}","{1.838222154176051, 17.5}","{1.8476734993803812, 18.}","{1.8568787905741169, 18.5}","{1.8658505284075104, 19.}","{1.874600280521239, 19.5}","{1.8831387724208535, 20.}","{1.8914759675260495, 20.5}","{1.8996211379081063, 21.}","{1.9075829269892586, 21.5}","{1.9153694052766246, 22.}","{1.9229881200404886, 22.5}","{1.9304461397119557, 23.}","{1.937750093659849, 23.5}","{1.9449062079123745, 24.}","{1.9519203373126055, 24.5}","{1.9587979945250633, 25.}","{1.9655443762581464, 25.5}","{1.9721643870174368, 26.}","{1.9786626606629067, 26.5}","{1.98504358001196, 27.}","{1.9913112946950275, 27.5}","{1.997469737448559, 28.}","{2.0035226390076155, 28.5}","{2.009473541738854, 29.}","{2.015325812141049, 29.5}","{2.021082652323391, 30.}","{2.0267471105613244, 30.5}","{2.032322091016313, 31.}","{2.0378103626995445, 31.5}","{2.0432145677474947, 32.}","{2.048537229072807, 32.5}","{2.0537807574465337, 33.}","{2.058947458060517, 33.5}","{2.0640395366168995, 34.}","{2.0690591049829408, 34.5}","{2.0740081864506537, 35.}","{2.078888720630763, 35.5}","{2.083702568013936, 36.}","{2.0884515142247007, 36.5}","{2.09313727399238, 37.}","{2.0977614948623398, 37.5}","{2.1023257606667913, 38.}","{2.106831594774456, 38.5}","{2.1112804631346784, 39.}","{2.115673777132842, 39.5}","{2.120012896269436, 40.}","{2.124299130677184, 40.5}","{2.1285337434866736, 41.}","{2.1327179530517775, 41.5}","{2.136852935045083, 42.}","{2.1409398244315767, 42.5}","{2.1449797173298095, 43.}","{2.148973672767238, 43.5}","{2.152922714337847, 44.}","{2.1568278317680085, 44.5}","{2.1606899823963372, 45.}","{2.164510092573872, 45.5}","{2.168289058989231, 46.}","{2.1720277499233145, 46.5}","{2.17572700643853, 47.}","{2.179387643506836, 47.5}","{2.183010451078142, 48.}","{2.186596195096953, 48.5}","{2.190145618465903, 49.}","{2.19365944196219, 49.5}"
