3,5,0.01940056395128661,-0.18831066344885372
3,4.9,0.019306393439671,-0.18821757863658845
3,4.800000000000001,0.019208567444812533,-0.1881208769959959
3,4.700000000000001,0.019106869363679238,-0.1880203440106381
3,4.600000000000001,0.019001065176017316,-0.18791574789840823
3,4.500000000000002,0.018890901662268478,-0.1878068378434359
3,4.400000000000002,0.018776104398945323,-0.1876933420067392
3,4.3000000000000025,0.01865637549805167,-0.18757496528287407
3,4.200000000000003,0.018531391052102483,-0.18745138676397288
3,4.100000000000003,0.01840079823886637,-0.1873222568658403
3,4.0000000000000036,0.018264212032179122,-0.1871871940625461
3,3.9000000000000035,0.018121211455051474,-0.18704578116624215
3,3.8000000000000034,0.01797133529921755,-0.1868975610766117
3,3.7000000000000033,0.017814077220877376,-0.18674203191029687
3,3.600000000000003,0.017648880104414122,-0.18657864140247174
3,3.500000000000003,0.017475129563908356,-0.1864067804511757
3,3.400000000000003,0.01729214642566492,-0.18622577564815526
3,3.300000000000003,0.017099178001115135,-0.18603488060657924
3,3.200000000000003,0.01689538791865573,-0.18583326585507842
3,3.1000000000000028,0.016679844230529456,-0.18562000701526782
3,3.0000000000000027,0.01645150544614676,-0.18539407091567905
3,2.9000000000000026,0.016209204061038034,-0.18515429921258947
3,2.8000000000000025,0.015951627045917953,-0.18489938898415725
3,2.7000000000000024,0.015677292626850546,-0.18462786963084687
3,2.6000000000000023,0.01538452251631353,-0.18433807524423584
3,2.500000000000002,0.015071408531894408,-0.1840281113837725
3,2.400000000000002,0.014735772251016677,-0.18369581491268971
3,2.300000000000002,0.014375115969600073,-0.18333870516445896
3,2.200000000000002,0.01398656273218658,-0.18295392421077472
3,2.100000000000002,0.013566782533684698,-0.18253816333487743
3,2.0000000000000018,0.013111900900172443,-0.182087571920769
3,1.9000000000000017,0.012617384850345224,-0.1815976437623701
3,1.8000000000000016,0.012077899600797377,-0.18106307415571637
3,1.7000000000000015,0.01148712713485787,-0.18047757889002436
3,1.6000000000000014,0.010837534665253827,-0.17983366315607932
3,1.5000000000000013,0.010120076738653689,-0.17912232409507933
3,1.4000000000000012,0.009323808773480038,-0.17833266473082415
3,1.3000000000000012,0.008435381509159508,-0.17745138867562316
3,1.200000000000001,0.007438374242975944,-0.17646213333097965
3,1.100000000000001,0.0063124085607931995,-0.17534458302265477
3,1.0000000000000009,0.005031961749203239,-0.174073280806661
3,0.9000000000000009,0.003564767320518813,-0.17261602563424916
3,0.8000000000000009,0.0018696423479802244,-0.17093169339312483
3,0.700000000000001,-0.00010650567556060074,-0.1689672328037938
3,0.600000000000001,-0.002432962577940896,-0.16665336394173688
3,0.500000000000001,-0.005202029987743933,-0.16389773017310352
3,0.400000000000001,-0.00854278519685376,-0.16057110997112345
3,0.30000000000000104,-0.012659414443485839,-0.1564690767038981
3,0.20000000000000104,-0.017967698377009123,-0.1511755805451322
3,0.10000000000000103,-0.022748164238140713,-0.14345860327825183
2.9,5,0.01949693966574529,-0.19430986879679019
2.9,4.9,0.01940023298117867,-0.1942143358453834
2.9,4.800000000000001,0.019299772182868054,-0.19411509057692017
2.9,4.700000000000001,0.01919533481283001,-0.19401191278999502
2.9,4.600000000000001,0.019086680524103866,-0.1939045645582126
2.9,4.500000000000002,0.018973549250545063,-0.19379278841500097
2.9,4.400000000000002,0.018855659147607437,-0.19367630531101496
2.9,4.3000000000000025,0.018732704270524234,-0.1935548123108972
2.9,4.200000000000003,0.018604351949909483,-0.19342797998952233
2.9,4.100000000000003,0.018470239817960893,-0.19329544948121535
2.9,4.0000000000000036,0.018329972429870358,-0.1931568291269961
2.9,3.9000000000000035,0.01818311741518295,-0.19301169065472704
2.9,3.8000000000000034,0.01802920108109701,-0.19285956481487926
2.9,3.7000000000000033,0.017867703374821686,-0.19269993637924276
2.9,3.600000000000003,0.01769805209415865,-0.1925322383925548
2.9,3.500000000000003,0.017519616212265096,-0.19235584554352655
2.9,3.400000000000003,0.0173316981557154,-0.19217006649527724
2.9,3.300000000000003,0.017133524839953056,-0.1919741349800408
2.9,3.200000000000003,0.01692423722439622,-0.19176719942159567
2.9,3.1000000000000028,0.016702878095515596,-0.19154831079483053
2.9,3.0000000000000027,0.016468377719769563,-0.19131640836593
2.9,2.9000000000000026,0.016219536923848712,-0.19107030287203702
2.9,2.8000000000000025,0.015955007051848012,-0.19080865659221588
2.9,2.7000000000000024,0.015673266112530754,-0.19052995962485236
2.9,2.6000000000000023,0.015372590252737706,-0.19023250151026352
2.9,2.500000000000002,0.015051019465347393,-0.1899143371096752
2.9,2.400000000000002,0.014706316142358893,-0.18957324535459455
2.9,2.300000000000002,0.014335914694232038,-0.18920667909112066
2.9,2.200000000000002,0.013936859941027113,-0.18881170372872108
2.9,2.100000000000002,0.01350573129650323,-0.18838492171838694
2.9,2.0000000000000018,0.013038548847881415,-0.1879223789665881
2.9,1.9000000000000017,0.012530656195857548,-0.18741944805191774
2.9,1.8000000000000016,0.011976573235017406,-0.1868706814248222
2.9,1.7000000000000015,0.011369809750359375,-0.18626962546175385
2.9,1.6000000000000014,0.010702627529898888,-0.18560858306112685
2.9,1.5000000000000013,0.009965734293748233,-0.18487830805438032
2.9,1.4000000000000012,0.009147886618172164,-0.18406760855846444
2.9,1.3000000000000012,0.008235370489996124,-0.18316282781004006
2.9,1.200000000000001,0.007211316204324223,-0.18214715902667605
2.9,1.100000000000001,0.006054787700831034,-0.18099973410165626
2.9,1.0000000000000009,0.004739563293764194,-0.1796944025997544
2.9,0.9000000000000009,0.0032324921203312294,-0.1781980845736001
2.9,0.8000000000000009,0.0014912615932405073,-0.176468531208995
2.9,0.700000000000001,-0.0005386781966274974,-0.17445123736650167
2.9,0.600000000000001,-0.0029285160243286115,-0.1720750208396314
2.9,0.500000000000001,-0.005773088961620675,-0.1692449852249719
2.9,0.400000000000001,-0.009205017674769597,-0.16582835394827086
2.9,0.30000000000000104,-0.01343408353783268,-0.16161508561061932
2.9,0.20000000000000104,-0.018887431647713775,-0.15617774385779348
2.9,0.10000000000000103,-0.020282548173264962,-0.14825069728540188
2.8,5,0.019589640140188748,-0.20073325816169366
2.8,4.9,0.019490233470654462,-0.20063512173554732
2.8,4.800000000000001,0.01938696766726316,-0.2005331714187935
2.8,4.700000000000001,0.019279614036550114,-0.20042718096116124
2.8,4.600000000000001,0.01916792549378398,-0.20031690589871676
2.8,4.500000000000002,0.019051634681048132,-0.20020208168817077
2.8,4.400000000000002,0.018930451850166886,-0.2000824216078959
2.8,4.3000000000000025,0.018804062475635843,-0.19995761439086843
2.8,4.200000000000003,0.018672124556073776,-0.19982732154857538
2.8,4.100000000000003,0.0185342655568492,-0.19969117433855924
2.8,4.0000000000000036,0.01839007893630929,-0.19954877031856738
2.8,3.9000000000000035,0.018239120188677967,-0.19939966942073267
2.8,3.8000000000000034,0.01808090232329003,-0.19924338946591763
2.8,3.7000000000000033,0.017914890685131267,-0.19907940102367166
2.8,3.600000000000003,0.01774049700202066,-0.19890712150386675
2.8,3.500000000000003,0.017557072521081088,-0.19872590834335385
2.8,3.400000000000003,0.017363900068857206,-0.19853505112273667
2.8,3.300000000000003,0.017160184833835627,-0.19833376241319478
2.8,3.200000000000003,0.01694504362644584,-0.19812116710937525
2.8,3.1000000000000028,0.016717492317082513,-0.1978962899503942
2.8,3.0000000000000027,0.016476431083668676,-0.19765804086184438
2.8,2.9000000000000026,0.016220627013464092,-0.19740519766549608
2.8,2.8000000000000025,0.015948693493496167,-0.19713638559294602
2.8,2.7000000000000024,0.015659065682819773,-0.19685005289905694
2.8,2.6000000000000023,0.015349971178494484,-0.19654444168958116
2.8,2.500000000000002,0.015019394752337245,-0.19621755284345743
2.8,2.400000000000002,0.014665035729656396,-0.19586710360425433
2.8,2.300000000000002,0.014284256180281858,-0.19549047601523223
2.8,2.200000000000002,0.01387401756214517,-0.19508465384231327
2.8,2.100000000000002,0.013430802753526533,-0.19464614492531468
2.8,2.0000000000000018,0.012950519465608355,-0.1941708849530058
2.8,1.9000000000000017,0.012428379752869114,-0.1936541173821994
2.8,1.8000000000000016,0.011858748606979682,-0.1930902424867438
2.8,1.7000000000000015,0.011234952248445531,-0.19247262614598024
2.8,1.6000000000000014,0.010549033464149326,-0.19179335570725797
2.8,1.5000000000000013,0.009791436812208135,-0.19104292571474024
2.8,1.4000000000000012,0.008950600218237872,-0.19020982997195066
2.8,1.3000000000000012,0.008012420697978095,-0.1892800275702846
2.8,1.200000000000001,0.00695954967501724,-0.18823623817060153
2.8,1.100000000000001,0.0057704562665279345,-0.18705700459808947
2.8,1.0000000000000009,0.004418173103109667,-0.1857154367879429
2.8,0.9000000000000009,0.0028686056812119764,-0.18417751720790482
2.8,0.8000000000000009,0.0010782358072675604,-0.1823997969314335
2.8,0.700000000000001,-0.0010090421741943121,-0.18032621901656581
2.8,0.600000000000001,-0.0034664489501561387,-0.1778835701310369
2.8,0.500000000000001,-0.006391529704845725,-0.17497424105668735
2.8,0.400000000000001,-0.009920690981279567,-0.17146165655194084
2.8,0.30000000000000104,-0.014269693510690757,-0.1671297742966988
2.8,0.20000000000000104,-0.019877827546030742,-0.1615389884963648
2.8,0.10000000000000103,-0.018963983062408513,-0.15338774370505884
2.6999999999999997,5,0.0196777974355015,-0.20762834199781843
2.6999999999999997,4.9,0.019575509902966574,-0.20752743038486282
2.6999999999999997,4.800000000000001,0.019469251158781932,-0.20742259658054296
2.6999999999999997,4.700000000000001,0.019358785853688044,-0.2073136078834868
2.6999999999999997,4.600000000000001,0.019243859710743723,-0.2072002128571912
2.6999999999999997,4.500000000000002,0.019124197588441,-0.20708213941070927
2.6999999999999997,4.400000000000002,0.018999501301803137,-0.20695909263933482
2.6999999999999997,4.3000000000000025,0.018869447165377976,-0.2068307523894281
2.6999999999999997,4.200000000000003,0.01873368321590197,-0.2066967705052774
2.6999999999999997,4.100000000000003,0.018591826065421924,-0.20655676770933135
2.6999999999999997,4.0000000000000036,0.01844345732586445,-0.20641033005704684
2.6999999999999997,3.9000000000000035,0.01828811953605432,-0.2062570048978189
2.6999999999999997,3.8000000000000034,0.01812531150879166,-0.20609629626015064
2.6999999999999997,3.7000000000000033,0.017954482999483073,-0.20592765956302347
2.6999999999999997,3.600000000000003,0.01777502857892838,-0.2057504955369338
2.6999999999999997,3.500000000000003,0.017586280568762654,-0.20556414321378624
2.6999999999999997,3.400000000000003,0.017387500868751196,-0.20536787181560587
2.6999999999999997,3.300000000000003,0.017177871468963928,-0.20516087133650612
2.6999999999999997,3.200000000000003,0.016956483394671748,-0.20494224156671587
2.6999999999999997,3.1000000000000028,0.016722323775664065,-0.20471097925183676
2.6999999999999997,3.0000000000000027,0.016474260660723074,-0.2044659630099116
2.6999999999999997,2.9000000000000026,0.016211025108271892,-0.2042059355390955
2.6999999999999997,2.8000000000000025,0.015931189971153732,-0.2039294825361989
2.6999999999999997,2.7000000000000024,0.015633144647753526,-0.20363500760100406
2.6999999999999997,2.6000000000000023,0.015315064884989068,-0.20332070221479231
2.6999999999999997,2.500000000000002,0.014974876477298128,-0.2029845096406805
2.6999999999999997,2.400000000000002,0.014610211390139752,-0.2026240812781504
2.6999999999999997,2.300000000000002,0.014218354424396036,-0.20223672359240386
2.6999999999999997,2.200000000000002,0.013796177992001078,-0.20181933319337575
2.6999999999999997,2.100000000000002,0.013340061847938907,-0.2013683169142801
2.6999999999999997,2.0000000000000018,0.012845793650949174,-0.20087949276615932
2.6999999999999997,1.9000000000000017,0.012308444914214105,-0.20034796633258414
2.6999999999999997,1.8000000000000016,0.011722215122203169,-0.19976797538131688
2.6999999999999997,1.7000000000000015,0.011080234349223034,-0.1991326930229661
2.6999999999999997,1.6000000000000014,0.010374311350113012,-0.19843397637302038
2.6999999999999997,1.5000000000000013,0.009594609432586075,-0.1976620429945847
2.6999999999999997,1.4000000000000012,0.00872922593345806,-0.1968050508833972
2.6999999999999997,1.3000000000000012,0.007763642069436569,-0.19584854865391665
2.6999999999999997,1.200000000000001,0.006679997297345023,-0.19477474986501864
2.6999999999999997,1.100000000000001,0.005456124709668249,-0.19356156767161722
2.6999999999999997,1.0000000000000009,0.004064259468377383,-0.19218132123198406
2.6999999999999997,0.9000000000000009,0.0024692977035524104,-0.19059899035047945
2.6999999999999997,0.8000000000000009,0.0006264313579223981,-0.18876984233269722
2.6999999999999997,0.700000000000001,-0.0015221101281548822,-0.1866361597349241
2.6999999999999997,0.600000000000001,-0.0040517225763113465,-0.18412255502970865
2.6999999999999997,0.500000000000001,-0.007062851161086715,-0.18112851391592755
2.6999999999999997,0.400000000000001,-0.010695957952096036,-0.17751339162903035
2.6999999999999997,0.30000000000000104,-0.015173210461112672,-0.17305471539717585
2.6999999999999997,0.20000000000000104,-0.020946912639917194,-0.16729983902833206
2.6999999999999997,0.10000000000000103,-0.018019811006607402,-0.15890871214166535
2.5999999999999996,5,0.019760379389661707,-0.21505007407843785
2.5999999999999996,4.9,0.01965501055660039,-0.21494619662550146
2.5999999999999996,4.800000000000001,0.019545550610403497,-0.21483828121088805
2.5999999999999996,4.700000000000001,0.01943175707979522,-0.21472608823535744
2.5999999999999996,4.600000000000001,0.019313367991763506,-0.2146093588068172
2.5999999999999996,4.500000000000002,0.019190099875807026,-0.21448781276369916
2.5999999999999996,4.400000000000002,0.019061645518678852,-0.2143611464509772
2.5999999999999996,4.3000000000000025,0.018927671432768245,-0.21422903021215217
2.5999999999999996,4.200000000000003,0.018787814994181612,-0.21409110555372474
2.5999999999999996,4.100000000000003,0.018641681200199305,-0.2139469819319868
2.5999999999999996,4.0000000000000036,0.01848883898489201,-0.21379623310158266
2.5999999999999996,3.9000000000000035,0.01832881702222711,-0.21363839295536396
2.5999999999999996,3.8000000000000034,0.01816109893131975,-0.2134729507710625
2.5999999999999996,3.7000000000000033,0.017985117782690477,-0.21329934576392118
2.5999999999999996,3.600000000000003,0.01780024978431268,-0.21311696082517825
2.5999999999999996,3.500000000000003,0.01760580700163481,-0.21292511530109076
2.5999999999999996,3.400000000000003,0.017401028935537025,-0.21272305663778607
2.5999999999999996,3.300000000000003,0.017185072745004748,-0.2125099506796163
2.5999999999999996,3.200000000000003,0.016957001854659787,-0.21228487036264976
2.5999999999999996,3.1000000000000028,0.016715772629107666,-0.2120467824867482
2.5999999999999996,3.0000000000000027,0.016460218723395093,-0.21179453217745642
2.5999999999999996,2.9000000000000026,0.01618903262627454,-0.21152682455639282
2.5999999999999996,2.8000000000000025,0.015900743796192524,-0.21124220302262675
2.5999999999999996,2.7000000000000024,0.015593692639736053,-0.21093902339756068
2.5999999999999996,2.6000000000000023,0.015265999390209138,-0.21061542299429767
2.5999999999999996,2.500000000000002,0.01491552669454868,-0.2102692834233682
2.5999999999999996,2.400000000000002,0.014539834391860226,-0.20989818562247517
2.5999999999999996,2.300000000000002,0.014136124542115033,-0.20949935517319035
2.5999999999999996,2.200000000000002,0.013701174199628685,-0.20906959540439943
2.5999999999999996,2.100000000000002,0.013231252679637331,-0.20860520503579072
2.5999999999999996,2.0000000000000018,0.012722019062474887,-0.2081018761104116
2.5999999999999996,1.9000000000000017,0.012168394327746492,-0.20755456661222474
2.5999999999999996,1.8000000000000016,0.011564400671528682,-0.20695734032170338
2.5999999999999996,1.7000000000000015,0.010902958041468784,-0.2063031639394573
2.5999999999999996,1.6000000000000014,0.01017562445595794,-0.20558364802784593
2.5999999999999996,1.5000000000000013,0.009372261866029824,-0.20478871349540742
2.5999999999999996,1.4000000000000012,0.008480602629600317,-0.2039061586272471
2.5999999999999996,1.3000000000000012,0.00748568233100798,-0.20292109227363386
2.5999999999999996,1.200000000000001,0.0063690916484043,-0.20181518568587553
2.5999999999999996,1.100000000000001,0.005107981807417947,-0.2005656771697753
2.5999999999999996,1.0000000000000009,0.003673732865708688,-0.19914403817838927
2.5999999999999996,0.9000000000000009,0.002030158408663313,-0.19751417339592495
2.5999999999999996,0.8000000000000009,0.00013106666354149865,-0.19562997318502423
2.5999999999999996,0.700000000000001,-0.0020830994827389787,-0.19343193847633466
2.5999999999999996,0.600000000000001,-0.004690070692643333,-0.19084234803823374
2.5999999999999996,0.500000000000001,-0.0077934062354305025,-0.18775756798944543
2.5999999999999996,0.400000000000001,-0.011537924797962661,-0.18403258166838016
2.5999999999999996,0.30000000000000104,-0.016152678162142727,-0.1794380060870555
2.5999999999999996,0.20000000000000104,-0.022103954316487616,-0.17350718169485566
2.5999999999999996,0.10000000000000103,-0.0172757627134335,-0.16485869093701128
2.4999999999999996,5,0.019836154237556622,-0.22306238034996523
2.4999999999999996,4.9,0.019727481137723775,-0.22295532433171328
2.4999999999999996,4.800000000000001,0.019614588316666435,-0.2228441062476214
2.4999999999999996,4.700000000000001,0.019497225662225604,-0.2227284791022295
2.4999999999999996,4.600000000000001,0.0193751229442799,-0.22260817600892957
2.4999999999999996,4.500000000000002,0.01924798775598793,-0.22248290815198563
2.4999999999999996,4.400000000000002,0.01911550319747012,-0.22235236249323087
2.4999999999999996,4.3000000000000025,0.018977325263797428,-0.22221619918580926
2.4999999999999996,4.200000000000003,0.018833079892503136,-0.22207404865026442
2.4999999999999996,4.100000000000003,0.018682359618058027,-0.22192550826096819
2.4999999999999996,4.0000000000000036,0.018524719770989698,-0.22177013858095596
2.4999999999999996,3.9000000000000035,0.01835967414741661,-0.22160745907145052
2.4999999999999996,3.8000000000000034,0.018186690062496347,-0.2214369431902663
2.4999999999999996,3.7000000000000033,0.018005182681995954,-0.22125801277383966
2.4999999999999996,3.600000000000003,0.01781450850798149,-0.22107003157981953
2.4999999999999996,3.500000000000003,0.017613957867503364,-0.22087229783998052
2.4999999999999996,3.400000000000003,0.017402746222857243,-0.22066403564310264
2.4999999999999996,3.300000000000003,0.01718000408336029,-0.22044438492908408
2.4999999999999996,3.200000000000003,0.016944765250425188,-0.22021238982738855
2.4999999999999996,3.1000000000000028,0.016695953067875233,-0.21996698501368092
2.4999999999999996,3.0000000000000027,0.01643236427407546,-0.219706979683111
2.4999999999999996,2.9000000000000026,0.01615264995699215,-0.21943103864360097
2.4999999999999996,2.8000000000000025,0.01585529299346223,-0.219137659913281
2.4999999999999996,2.7000000000000024,0.01553858119755487,-0.2188251480497902
2.4999999999999996,2.6000000000000023,0.015200575206047196,-0.21849158224342152
2.4999999999999996,2.500000000000002,0.014839069870425116,-0.21813477794717
2.4999999999999996,2.400000000000002,0.014451547590433322,-0.21775224048358421
2.4999999999999996,2.300000000000002,0.014035121584690547,-0.217341108628948
2.4999999999999996,2.200000000000002,0.013586466512934603,-0.2168980855947415
2.4999999999999996,2.100000000000002,0.01310173309254378,-0.21641935405454535
2.4999999999999996,2.0000000000000018,0.0125764423171243,-0.2159004708293338
2.4999999999999996,1.9000000000000017,0.012005353487836115,-0.2153362354454068
2.4999999999999996,1.8000000000000016,0.011382298370180625,-0.21472052487828763
2.4999999999999996,1.7000000000000015,0.010699971187083653,-0.21404608418761528
2.4999999999999996,1.6000000000000014,0.009949660579788376,-0.21330425915765072
2.4999999999999996,1.5000000000000013,0.009120904701693883,-0.21248465207165051
2.4999999999999996,1.4000000000000012,0.008201043703158483,-0.2115746748061911
2.4999999999999996,1.3000000000000012,0.007174634223012864,-0.21055896373037777
2.4999999999999996,1.200000000000001,0.006022677043606371,-0.20941860733493733
2.4999999999999996,1.100000000000001,0.004721590304269733,-0.20813011858615277
2.4999999999999996,1.0000000000000009,0.0032418345394712163,-0.20666405759413808
2.4999999999999996,0.9000000000000009,0.0015460589660634793,-0.20498317290112253
2.4999999999999996,0.8000000000000009,-0.0004134168935731454,-0.20303987369770948
2.4999999999999996,0.700000000000001,-0.0026980728655668263,-0.20077274373381718
2.4999999999999996,0.600000000000001,-0.005388153324304471,-0.1981015494599888
2.4999999999999996,0.500000000000001,-0.008590571604965912,-0.19491929706893144
2.4999999999999996,0.400000000000001,-0.012454840728340657,-0.19107625894758234
2.4999999999999996,0.30000000000000104,-0.01721743259756043,-0.18633560362127297
2.4999999999999996,0.20000000000000104,-0.023359708243135782,-0.18021556635937636
2.4999999999999996,0.10000000000000103,-0.016659079380267054,-0.1712901389391961
2.3999999999999995,5,0.019903646206286367,-0.23174008345807218
2.3999999999999995,4.9,0.01979141978601073,-0.23162961021080425
2.3999999999999995,4.800000000000001,0.019674835307105627,-0.23151484144553638
2.3999999999999995,4.700000000000001,0.019553634436081054,-0.23139552221145254
2.3999999999999995,4.600000000000001,0.01942753805863957,-0.23127137702316217
2.3999999999999995,4.500000000000002,0.019296244152689844,-0.23114210775635258
2.3999999999999995,4.400000000000002,0.019159425395396737,-0.23100739127990672
2.3999999999999995,4.3000000000000025,0.019016726464926498,-0.2308668767855459
2.3999999999999995,4.200000000000003,0.01886776099026498,-0.2307201827687404
2.3999999999999995,4.100000000000003,0.018712108095076875,-0.23056689360734967
2.3999999999999995,4.0000000000000036,0.018549308470842463,-0.23040655567346222
2.3999999999999995,3.9000000000000035,0.01837885990319307,-0.2302386729033298
2.3999999999999995,3.8000000000000034,0.018200212161392632,-0.23006270173563714
2.3999999999999995,3.7000000000000033,0.018012761142210586,-0.2298780453102432
2.3999999999999995,3.600000000000003,0.01781584213960866,-0.2296840467997881
2.3999999999999995,3.500000000000003,0.017608722084338498,-0.22947998171907755
2.3999999999999995,3.400000000000003,0.017390590565820613,-0.2292650490259764
2.3999999999999995,3.300000000000003,0.017160549409241062,-0.22903836078797285
2.3999999999999995,3.200000000000003,0.016917600530141623,-0.22879893013847735
2.3999999999999995,3.1000000000000028,0.01666063172795669,-0.2285456571859375
2.3999999999999995,3.0000000000000027,0.01638840000108851,-0.22827731246072275
2.3999999999999995,2.9000000000000026,0.01609951186895534,-0.22799251738761284
2.3999999999999995,2.8000000000000025,0.015792400059972348,-0.2276897211458907
2.3999999999999995,2.7000000000000024,0.015465295765883617,-0.22736717312071825
2.3999999999999995,2.6000000000000023,0.015116195456800308,-0.22702288994415443
2.3999999999999995,2.500000000000002,0.014742820985918163,-0.22665461585913
2.3999999999999995,2.400000000000002,0.014342571365428883,-0.22625977479310366
2.3999999999999995,2.300000000000002,0.0139124641426508,-0.22583541207566285
2.3999999999999995,2.200000000000002,0.013449063702805259,-0.22537812313286254
2.3999999999999995,2.100000000000002,0.012948393028888778,-0.22488396569436986
2.3999999999999995,2.0000000000000018,0.012405824377800561,-0.22434835097854586
2.3999999999999995,1.9000000000000017,0.011815942887418995,-0.22376590787405914
2.3999999999999995,1.8000000000000016,0.01117237516753446,-0.2231303121716423
2.3999999999999995,1.7000000000000015,0.010467572236902646,-0.2224340702022718
2.3999999999999995,1.6000000000000014,0.009692532466256279,-0.22166824252338002
2.3999999999999995,1.5000000000000013,0.008836445052921318,-0.2208220881388585
2.3999999999999995,1.4000000000000012,0.007886227406558536,-0.21988260255467146
2.3999999999999995,1.3000000000000012,0.006825919854478259,-0.21883391293646898
2.3999999999999995,1.200000000000001,0.005635887149874666,-0.21765647960091344
2.3999999999999995,1.100000000000001,0.004291756858408042,-0.21632603348179008
2.3999999999999995,1.0000000000000009,0.0027629976613136723,-0.21481215187270764
2.3999999999999995,0.9000000000000009,0.0010110024936856171,-0.21307633614795932
2.3999999999999995,0.8000000000000009,-0.0010135158221905867,-0.21106939718404866
2.3999999999999995,0.700000000000001,-0.0033741129445531244,-0.2087278491302007
2.3999999999999995,0.600000000000001,-0.006153748249754697,-0.20596874517048203
2.3999999999999995,0.500000000000001,-0.009462959401218489,-0.20268146098636175
2.3999999999999995,0.400000000000001,-0.013456334405332025,-0.19871117601332267
2.3999999999999995,0.30000000000000104,-0.0183783696004797,-0.19381300346045663
2.3999999999999995,0.20000000000000104,-0.024726727279953953,-0.187488842228763
2.3999999999999995,0.10000000000000103,-0.01613151802142656,-0.1782644579180842
2.2999999999999994,5,0.019961079359233483,-0.2411713484607345
2.2999999999999994,4.9,0.01984502018309115,-0.24105718854901848
2.2999999999999994,4.800000000000001,0.019724453689287706,-0.24093858911793498
2.2999999999999994,4.700000000000001,0.019599112671649137,-0.24081528663087198
2.2999999999999994,4.600000000000001,0.019468708427193605,-0.24068699632179022
2.2999999999999994,4.500000000000002,0.01933292855594442,-0.24055341001952218
2.2999999999999994,4.400000000000002,0.019191434485179234,-0.24041419369930497
2.2999999999999994,4.3000000000000025,0.019043858678083572,-0.24026898472172334
2.2999999999999994,4.200000000000003,0.018889801477921516,-0.2401173887107535
2.2999999999999994,4.100000000000003,0.018728827532330905,-0.2399589760156896
2.2999999999999994,4.0000000000000036,0.018560461730724162,-0.23979327769077818
2.2999999999999994,3.9000000000000035,0.01838418457569518,-0.23961978091396047
2.2999999999999994,3.8000000000000034,0.018199426895356325,-0.23943792375214307
2.2999999999999994,3.7000000000000033,0.018005563784676385,-0.23924708916242549
2.2999999999999994,3.600000000000003,0.017801907641513515,-0.2390465980952149
2.2999999999999994,3.500000000000003,0.01758770013726028,-0.23883570154091288
2.2999999999999994,3.400000000000003,0.017362102927336608,-0.2386135713262822
2.2999999999999994,3.300000000000003,0.017124186866280606,-0.23837928942694642
2.2999999999999994,3.200000000000003,0.016872919440620575,-0.23813183551078188
2.2999999999999994,3.1000000000000028,0.016607150068781246,-0.23787007236368074
2.2999999999999994,3.0000000000000027,0.01632559283598319,-0.23759272876790571
2.2999999999999994,2.9000000000000026,0.016026806131544793,-0.2372983793030786
2.2999999999999994,2.8000000000000025,0.01570916852541004,-0.23698542041012646
2.2999999999999994,2.7000000000000024,0.015370850055716775,-0.2366520418934372
2.2999999999999994,2.6000000000000023,0.015009777887031643,-0.23629619282514303
2.2999999999999994,2.500000000000002,0.01462359502295026,-0.23591554054028377
2.2999999999999994,2.400000000000002,0.014209610398021835,-0.23550742105306033
2.2999999999999994,2.300000000000002,0.013764738204942463,-0.23506877875640542
2.2999999999999994,2.200000000000002,0.013285423689322125,-0.23459609264356612
2.2999999999999994,2.100000000000002,0.01276755181949373,-0.2340852854659631
2.2999999999999994,2.0000000000000018,0.012206334130370847,-0.23353161113247645
2.2999999999999994,1.9000000000000017,0.011596167544159684,-0.23292951415752794
2.2999999999999994,1.8000000000000016,0.010930456938184015,-0.2322724529292871
2.2999999999999994,1.7000000000000015,0.01020139044527988,-0.23155267577687977
2.2999999999999994,1.6000000000000014,0.009399652635280822,-0.23076093496598002
2.2999999999999994,1.5000000000000013,0.008514055408525683,-0.2298861184104048
2.2999999999999994,1.4000000000000012,0.007531059029793746,-0.22891477144427314
2.2999999999999994,1.3000000000000012,0.00643414539889159,-0.2278304705969471
2.2999999999999994,1.200000000000001,0.005202991225311885,-0.2266129967651949
2.2999999999999994,1.100000000000001,0.0038123686606229648,-0.22523723486396036
2.2999999999999994,1.0000000000000009,0.0022306729170956667,-0.22367169868391934
2.2999999999999994,0.9000000000000009,0.00041793688472096353,-0.22187653964260615
2.2999999999999994,0.8000000000000009,-0.0016768665969289307,-0.2198008379751456
2.2999999999999994,0.700000000000001,-0.004119542088394005,-0.21737886597325598
2.2999999999999994,0.600000000000001,-0.00699599165897586,-0.21452473632372066
2.2999999999999994,0.500000000000001,-0.01042068327445765,-0.21112388800570725
2.2999999999999994,0.400000000000001,-0.014553711252956694,-0.20701597489400073
2.2999999999999994,0.30000000000000104,-0.019648281548622214,-0.20194736718022444
2.2999999999999994,0.20000000000000104,-0.026219750382274566,-0.19540223169484
2.2999999999999994,0.10000000000000103,-0.015670205741407844,-0.1858539857555787
2.1999999999999993,5,0.020006305994627688,-0.251460822993297
2.1999999999999993,4.9,0.019886099023970594,-0.25134267008447697
2.1999999999999993,4.800000000000001,0.019761223157377508,-0.25121992166909457
2.1999999999999993,4.700000000000001,0.019631401580292557,-0.2510923049083762
2.1999999999999993,4.600000000000001,0.019496335206157303,-0.2509595249815111
2.1999999999999993,4.500000000000002,0.019355700396428324,-0.2508212628322243
2.1999999999999993,4.400000000000002,0.019209146395160685,-0.25067717263307193
2.1999999999999993,4.3000000000000025,0.01905629243659506,-0.2505268789258186
2.1999999999999993,4.200000000000003,0.01889672447523331,-0.2503699733882485
2.1999999999999993,4.100000000000003,0.018729991480367678,-0.2502060111697535
2.1999999999999993,4.0000000000000036,0.01855560122613968,-0.25003450672710503
2.1999999999999993,3.9000000000000035,0.01837301549532786,-0.24985492907966877
2.1999999999999993,3.8000000000000034,0.018181644599783407,-0.24966669638747407
2.1999999999999993,3.7000000000000033,0.017980841101598546,-0.2494691697372458
2.1999999999999993,3.600000000000003,0.01776989259650478,-0.24926164599894654
2.1999999999999993,3.500000000000003,0.017548013392729978,-0.2490433495870834
2.1999999999999993,3.400000000000003,0.017314334883665922,-0.24881342292689235
2.1999999999999993,3.300000000000003,0.017067894370812603,-0.2485709153830385
2.1999999999999993,3.200000000000003,0.01680762203917794,-0.24831477035532484
2.1999999999999993,3.1000000000000028,0.01653232572165407,-0.24804381017992927
2.1999999999999993,3.0000000000000027,0.01624067300526788,-0.24775671839168423
2.1999999999999993,2.9000000000000026,0.015931170125493763,-0.24745201879661624
2.1999999999999993,2.8000000000000025,0.015602136962531472,-0.24712805067210913
2.1999999999999993,2.7000000000000024,0.015251677280451618,-0.24678293923973638
2.1999999999999993,2.6000000000000023,0.014877643130198327,-0.24641456033624837
2.1999999999999993,2.500000000000002,0.014477592051803193,-0.24602049792360406
2.1999999999999993,2.400000000000002,0.014048735339328166,-0.2455979927073456
2.1999999999999993,2.300000000000002,0.013587875144120382,-0.24514387964586393
2.1999999999999993,2.200000000000002,0.013091327547611645,-0.2446545114887153
2.1999999999999993,2.100000000000002,0.012554827876945587,-0.24412566462490815
2.1999999999999993,2.0000000000000018,0.01197341338808218,-0.24355242237245195
2.1999999999999993,1.9000000000000017,0.011341276889167279,-0.2429290292873147
2.1999999999999993,1.8000000000000016,0.010651582767367043,-0.2422487079562811
2.1999999999999993,1.7000000000000015,0.009896233993560245,-0.24150342684140585
2.1999999999999993,1.6000000000000014,0.009065574697961223,-0.24068360374862147
2.1999999999999993,1.5000000000000013,0.008148007391377991,-0.2397777239487994
2.1999999999999993,1.4000000000000012,0.007129496223700781,-0.23877184425235137
2.1999999999999993,1.3000000000000012,0.005992916946721493,-0.23764894353779106
2.1999999999999993,1.200000000000001,0.004717199268500153,-0.23638806512562355
2.1999999999999993,1.100000000000001,0.003276186401015219,-0.23496317528666727
2.1999999999999993,1.0000000000000009,0.0016371074968708932,-0.23334163271025407
2.1999999999999993,0.9000000000000009,-0.0002414823779473468,-0.23148212213732858
2.1999999999999993,0.8000000000000009,-0.0024125017458382835,-0.22933184284828032
2.1999999999999993,0.700000000000001,-0.004944200778543484,-0.2268226295223511
2.1999999999999993,0.600000000000001,-0.007925683245872318,-0.2238653959719718
2.1999999999999993,0.500000000000001,-0.011475695799772114,-0.2203412960653295
2.1999999999999993,0.400000000000001,-0.01576033065129084,-0.21608396544387415
2.1999999999999993,0.30000000000000104,-0.021042284782364414,-0.21083024750143914
2.1999999999999993,0.20000000000000104,-0.027856196706549687,-0.20404498567212273
2.1999999999999993,0.10000000000000103,-0.015260262106666315,-0.19414454793708102
2.099999999999999,5,0.020036714533810236,-0.262733714244582
2.099999999999999,4.9,0.019912002727542556,-0.2626112172315116
2.099999999999999,4.800000000000001,0.019782446477198293,-0.26248395500007415
2.099999999999999,4.700000000000001,0.019647758525450695,-0.26235164459008575
2.099999999999999,4.600000000000001,0.01950762850007667,-0.2622139802402695
2.099999999999999,4.500000000000002,0.0193617205471418,-0.26207063105017486
2.099999999999999,4.400000000000002,0.019209670668374555,-0.2619212383497299
2.099999999999999,4.3000000000000025,0.019051083718597227,-0.26176541273236925
2.099999999999999,4.200000000000003,0.018885530011494032,-0.26160273070046924
2.099999999999999,4.100000000000003,0.018712541473343718,-0.2614327308636001
2.099999999999999,4.0000000000000036,0.018531607272713656,-0.26125490961788755
2.099999999999999,3.9000000000000035,0.018342168841644912,-0.2610687162229065
2.099999999999999,3.8000000000000034,0.01814361418740727,-0.2608735471759801
2.099999999999999,3.7000000000000033,0.01793527137423874,-0.2606687397642843
2.099999999999999,3.600000000000003,0.017716401031862297,-0.2604535646527031
2.099999999999999,3.500000000000003,0.01748618771635003,-0.26022721733426935
2.099999999999999,3.400000000000003,0.017243729915891674,-0.2599888082373635
2.099999999999999,3.300000000000003,0.016988028446121947,-0.2597373512359593
2.099999999999999,3.200000000000003,0.016717972928192444,-0.2594717502583393
2.099999999999999,3.1000000000000028,0.016432325970269637,-0.25919078361725034
2.099999999999999,3.0000000000000027,0.016129704588568765,-0.2588930856005723
2.099999999999999,2.9000000000000026,0.015808558293636785,-0.2585771247512654
2.099999999999999,2.8000000000000025,0.015467143127953033,-0.25824117812681263
2.099999999999999,2.7000000000000024,0.015103490763168602,-0.25788330065049264
2.099999999999999,2.6000000000000023,0.014715371536339832,-0.257501288439402
2.099999999999999,2.500000000000002,0.014300250006920586,-0.25709263469643917
2.099999999999999,2.400000000000002,0.013855231231550337,-0.25665447637013483
2.099999999999999,2.300000000000002,0.01337699544456599,-0.2561835292775839
2.099999999999999,2.200000000000002,0.01286171816475857,-0.2556760087187757
2.099999999999999,2.100000000000002,0.012304971855646597,-0.25512753171806435
2.099999999999999,2.0000000000000018,0.01170160407372762,-0.25453299583469136
2.099999999999999,1.9000000000000017,0.011045585425807355,-0.2538864278694638
2.099999999999999,1.8000000000000016,0.010329818463562207,-0.25318079359750373
2.099999999999999,1.7000000000000015,0.009545895640966523,-0.2524077566462216
2.099999999999999,1.6000000000000014,0.008683790320355328,-0.2515573704821211
2.099999999999999,1.5000000000000013,0.007731459074601707,-0.25061768170485277
2.099999999999999,1.4000000000000012,0.006674325544023752,-0.2495742148094178
2.099999999999999,1.3000000000000012,0.00549460494973494,-0.24840929733871578
2.099999999999999,1.200000000000001,0.004170412782907076,-0.24710116862570625
2.099999999999999,1.100000000000001,0.0026745794547250548,-0.2456227933545809
2.099999999999999,1.0000000000000009,0.0009730623975876289,-0.24394027048657074
2.099999999999999,0.9000000000000009,-0.0009771956294463563,-0.24201068473574944
2.099999999999999,0.8000000000000009,-0.0032311774764433583,-0.23977918264560236
2.099999999999999,0.700000000000001,-0.0058598038635136645,-0.2371749374752295
2.099999999999999,0.600000000000001,-0.00895567670655446,-0.23410536859529285
2.099999999999999,0.500000000000001,-0.012642220499564195,-0.23044694591061549
2.099999999999999,0.400000000000001,-0.017092089153186555,-0.22602672232916665
2.099999999999999,0.30000000000000104,-0.02257836754313563,-0.22057111562857493
2.099999999999999,0.20000000000000104,-0.02965679964114365,-0.21352382004691808
2.099999999999999,0.10000000000000103,-0.01489141245559872,-0.20323875874762493
1.9999999999999991,5,0.020049109872596373,-0.2751411465076592
1.9999999999999991,4.9,0.01991948627506552,-0.27501389921940533
1.9999999999999991,4.800000000000001,0.019784826752290624,-0.2748817011456315
1.9999999999999991,4.700000000000001,0.019644832652000285,-0.2747442582595061
1.9999999999999991,4.600000000000001,0.019499181286707273,-0.2746012528372751
1.9999999999999991,4.500000000000002,0.019347523472288686,-0.2744523410280293
1.9999999999999991,4.400000000000002,0.019189480759159976,-0.27429715011949124
1.9999999999999991,4.3000000000000025,0.019024642309376675,-0.2741352754536902
1.9999999999999991,4.200000000000003,0.018852561366707155,-0.2739662769399948
1.9999999999999991,4.100000000000003,0.018672751256340665,-0.2737896751028972
1.9999999999999991,4.0000000000000036,0.01848468083970655,-0.27360494659050827
1.9999999999999991,3.9000000000000035,0.01828776933595392,-0.27341151905630423
1.9999999999999991,3.8000000000000034,0.0180813804058369,-0.27320876531065874
1.9999999999999991,3.7000000000000033,0.017864815371923724,-0.27299599661721413
1.9999999999999991,3.600000000000003,0.017637305426374476,-0.27277245498646197
1.9999999999999991,3.500000000000003,0.017398002644998394,-0.27253730428682915
1.9999999999999991,3.400000000000003,0.017145969591164073,-0.2722896199583703
1.9999999999999991,3.300000000000003,0.016880167244895876,-0.2720283770663647
1.9999999999999991,3.200000000000003,0.016599440936322256,-0.27175243637635027
1.9999999999999991,3.1000000000000028,0.016302503890541824,-0.2714605280600864
1.9999999999999991,3.0000000000000027,0.015987917899768257,-0.2711512325516504
1.9999999999999991,2.9000000000000026,0.015654070525644985,-0.27082295795983746
1.9999999999999991,2.8000000000000025,0.015299148089090445,-0.2704739132987376
1.9999999999999991,2.7000000000000024,0.014921103518577715,-0.2701020766118696
1.9999999999999991,2.6000000000000023,0.014517617891512472,-0.2697051568304516
1.9999999999999991,2.500000000000002,0.014086054192044183,-0.2692805478954332
1.9999999999999991,2.400000000000002,0.013623401408107156,-0.26882527327316263
1.9999999999999991,2.300000000000002,0.013126206561695523,-0.2683359184672559
1.9999999999999991,2.200000000000002,0.012590491569528179,-0.26780854843200963
1.9999999999999991,2.100000000000002,0.012011650902835923,-0.2672386058658188
1.9999999999999991,2.0000000000000018,0.011384324771210493,-0.2666207851177082
1.9999999999999991,1.9000000000000017,0.010702240876019311,-0.2659488747594768
1.9999999999999991,1.8000000000000016,0.009958015494415147,-0.2652155595870605
1.9999999999999991,1.7000000000000015,0.00914290152587596,-0.2644121696763692
1.9999999999999991,1.6000000000000014,0.008246466821247331,-0.2635283597910181
1.9999999999999991,1.5000000000000013,0.0072561801333350835,-0.2625516964283997
1.9999999999999991,1.4000000000000012,0.006156873700806898,-0.2614671214120761
1.9999999999999991,1.3000000000000012,0.004930039847922153,-0.26025624921970225
1.9999999999999991,1.200000000000001,0.003552902732321681,-0.2588964388342138
1.9999999999999991,1.100000000000001,0.001997183701818399,-0.257359557978675
1.9999999999999991,1.0000000000000009,0.0002274471147069516,-0.25561032556682617
1.9999999999999991,0.9000000000000009,-0.0018011311347699102,-0.2536040729098513
1.9999999999999991,0.8000000000000009,-0.004145797157086671,-0.2512836961862373
1.9999999999999991,0.700000000000001,-0.006880401153679005,-0.24857544965594178
1.9999999999999991,0.600000000000001,-0.010101384780118974,-0.24538291789779298
1.9999999999999991,0.500000000000001,-0.01393731084006318,-0.24157742723162373
1.9999999999999991,0.400000000000001,-0.018568046098184986,-0.2369787967140985
1.9999999999999991,0.30000000000000104,-0.024278099947593695,-0.23130198077678762
1.9999999999999991,0.20000000000000104,-0.03164642921960195,-0.22396741516540536
1.9999999999999991,0.10000000000000103,-0.014556239248501399,-0.2132603424004644
1.899999999999999,5,0.02003955631373964,-0.2888672940167556
1.899999999999999,4.9,0.019904554178600056,-0.2887348215628214
1.899999999999999,4.800000000000001,0.019764306350456277,-0.28859719425282393
1.899999999999999,4.700000000000001,0.01961850168824712,-0.28845410589177434
1.899999999999999,4.600000000000001,0.01946680400659324,-0.2883052256030266
1.899999999999999,4.500000000000002,0.019308849510806678,-0.2881501952965839
1.899999999999999,4.400000000000002,0.019144243911010123,-0.287988626820649
1.899999999999999,4.3000000000000025,0.018972559167697717,-0.2878200987485092
1.899999999999999,4.200000000000003,0.01879332981281922,-0.2876441527458545
1.899999999999999,4.100000000000003,0.018606048780429856,-0.2874602894530991
1.899999999999999,4.0000000000000036,0.018410162669517734,-0.28726796380599073
1.899999999999999,3.9000000000000035,0.018205066346517793,-0.28706657970300553
1.899999999999999,3.8000000000000034,0.017990096779009326,-0.2868554839117837
1.899999999999999,3.7000000000000033,0.01776452596883874,-0.28663395908435013
1.899999999999999,3.600000000000003,0.017527552829985568,-0.28640121572741944
1.899999999999999,3.500000000000003,0.01727829382168377,-0.2861563829399939
1.899999999999999,3.400000000000003,0.017015772111484567,-0.2858984976949021
1.899999999999999,3.300000000000003,0.016738904991887696,-0.2856264923896348
1.899999999999999,3.200000000000003,0.016446489216606304,-0.28533918033544414
1.899999999999999,3.1000000000000028,0.016137183845509676,-0.2850352387761449
1.899999999999999,3.0000000000000027,0.015809490094896045,-0.28471318893714126
1.899999999999999,2.9000000000000026,0.015461727568779815,-0.28437137248374655
1.899999999999999,2.8000000000000025,0.015092006097208925,-0.28400792361974503
1.899999999999999,2.7000000000000024,0.014698192213445125,-0.28362073586320236
1.899999999999999,2.6000000000000023,0.014277869051936648,-0.2832074222874846
1.899999999999999,2.500000000000002,0.013828288129233163,-0.2827652676967497
1.899999999999999,2.400000000000002,0.013346311047597514,-0.28229117078380395
1.899999999999999,2.300000000000002,0.012828338611687227,-0.28178157376928037
1.899999999999999,2.200000000000002,0.01227022412035396,-0.28123237629433967
1.899999999999999,2.100000000000002,0.011667166626924009,-0.2806388293701271
1.899999999999999,2.0000000000000018,0.011013578662778812,-0.2799954038887419
1.899999999999999,1.9000000000000017,0.01030292116523836,-0.27929562644461936
1.899999999999999,1.8000000000000016,0.009527495966465705,-0.27853187282662856
1.899999999999999,1.7000000000000015,0.00867818293050445,-0.2776951062618346
1.899999999999999,1.6000000000000014,0.0077441043239434544,-0.2767745429734344
1.899999999999999,1.5000000000000013,0.006712192755334382,-0.27575722133312974
1.899999999999999,1.4000000000000012,0.005566630319552195,-0.2746274421338857
1.899999999999999,1.3000000000000012,0.004288114425987777,-0.2733660352565912
1.899999999999999,1.200000000000001,0.0028528888032871495,-0.27194939085379083
1.899999999999999,1.100000000000001,0.0012314544598219504,-0.270348169184909
1.899999999999999,1.0000000000000009,-0.0006131576898175221,-0.26852556971066843
1.899999999999999,0.9000000000000009,-0.0027277175206744907,-0.26643499261957443
1.899999999999999,0.8000000000000009,-0.005171964865607962,-0.2640168546867827
1.899999999999999,0.700000000000001,-0.008022979666757189,-0.2611941925615993
1.899999999999999,0.600000000000001,-0.011381439875194651,-0.2578663612640514
1.899999999999999,0.500000000000001,-0.015381581831545824,-0.2538990100268792
1.899999999999999,0.400000000000001,-0.020211242978179597,-0.24910396752784286
1.899999999999999,0.30000000000000104,-0.026167564695277604,-0.24318351781609043
1.899999999999999,0.20000000000000104,-0.03385517155151167,-0.23553238278174313
1.899999999999999,0.10000000000000103,-0.014249198806868533,-0.22435986160675225
1.799999999999999,5,0.02000316898065518,-0.3041390115866626
1.799999999999999,4.9,0.019862249315195455,-0.3040007519507667
1.799999999999999,4.800000000000001,0.01971585305518759,-0.30385711154299655
1.799999999999999,4.700000000000001,0.01956365530571476,-0.3037077707028014
1.799999999999999,4.600000000000001,0.01940530501569368,-0.303552383998425
1.799999999999999,4.500000000000002,0.019240422298465513,-0.3033905775832231
1.799999999999999,4.400000000000002,0.019068595417282737,-0.30322194622072607
1.799999999999999,4.3000000000000025,0.01888937738554719,-0.30304604992912076
1.799999999999999,4.200000000000003,0.018702282123595745,-0.302862410187388
1.799999999999999,4.100000000000003,0.018506780103031997,-0.3026705056346071
1.799999999999999,4.0000000000000036,0.018302293397761023,-0.3024697671828177
1.799999999999999,3.9000000000000035,0.01808819004527793,-0.3022595724474507
1.799999999999999,3.8000000000000034,0.017863777603801673,-0.3020392393823277
1.799999999999999,3.7000000000000033,0.017628295769427493,-0.30180801898443393
1.799999999999999,3.600000000000003,0.017380907889502265,-0.30156508690621353
1.799999999999999,3.500000000000003,0.01712069117580992,-0.3013095337805486
1.799999999999999,3.400000000000003,0.016846625381098778,-0.30104035402409157
1.799999999999999,3.300000000000003,0.016557579650159065,-0.30075643283214737
1.799999999999999,3.200000000000003,0.016252297197060953,-0.30045653101964986
1.799999999999999,3.1000000000000028,0.015929377377882636,-0.3001392672805254
1.799999999999999,3.0000000000000027,0.015587254633073963,-0.2998030973432235
1.799999999999999,2.9000000000000026,0.015224173647385097,-0.29944628937460815
1.799999999999999,2.8000000000000025,0.014838159916806178,-0.29906689482669235
1.799999999999999,2.7000000000000024,0.014426984710722658,-0.2986627137200534
1.799999999999999,2.6000000000000023,0.013988123155968897,-0.29823125309741
1.799999999999999,2.500000000000002,0.0135187038332527,-0.297769677045431
1.799999999999999,2.400000000000002,0.013015447836747386,-0.2972747462446581
1.799999999999999,2.300000000000002,0.01247459467085063,-0.29674274443090976
1.799999999999999,2.200000000000002,0.01189181159789085,-0.2961693883933848
1.799999999999999,2.100000000000002,0.011262082034350248,-0.2955497171179865
1.799999999999999,2.0000000000000018,0.010579567236796528,-0.29487795432849206
1.799999999999999,1.9000000000000017,0.00983743368075618,-0.2941473368381834
1.799999999999999,1.8000000000000016,0.009027636039619154,-0.29334989862381333
1.799999999999999,1.7000000000000015,0.00814064224887292,-0.2924761971026624
1.799999999999999,1.6000000000000014,0.007165082423113726,-0.29151496335694493
1.799999999999999,1.5000000000000013,0.006087296848499013,-0.2904526514724302
1.799999999999999,1.4000000000000012,0.0048907491556064425,-0.2892728529811965
1.799999999999999,1.3000000000000012,0.003555258037758073,-0.2879555295572635
1.799999999999999,1.200000000000001,0.002055983064749344,-0.28647599912329563
1.799999999999999,1.100000000000001,0.000362075271284892,-0.2848035853606181
1.799999999999999,1.0000000000000009,-0.0015651315135814768,-0.28289980540848036
1.799999999999999,0.9000000000000009,-0.0037745616669584516,-0.28071592070634965
1.799999999999999,0.8000000000000009,-0.006328717879320449,-0.27818960102078416
1.799999999999999,0.700000000000001,-0.009308260855215862,-0.2752403164116774
1.799999999999999,0.600000000000001,-0.01281856901312711,-0.27176273077930235
1.799999999999999,0.500000000000001,-0.01700017958812164,-0.2676161920441329
1.799999999999999,0.400000000000001,-0.022049790201237665,-0.2626036523982703
1.799999999999999,0.30000000000000104,-0.028278592823713408,-0.2564133099831192
1.799999999999999,0.20000000000000104,-0.03631976405507258,-0.24841129053908423
1.799999999999999,0.10000000000000103,-0.01396603129108825,-0.2367224188339419
1.6999999999999988,5,0.019933833273520288,-0.3212390335840406
1.6999999999999988,4.9,0.019786368948891065,-0.32109431247792497
1.6999999999999988,4.800000000000001,0.0196331725170105,-0.32094395855421887
1.6999999999999988,4.700000000000001,0.019473903854551354,-0.3207876371391468
1.6999999999999988,4.600000000000001,0.01930819545011643,-0.3206249865735919
1.6999999999999988,4.500000000000002,0.019135649598385554,-0.32045561544478907
1.6999999999999988,4.400000000000002,0.01895583524260679,-0.3202790994704511
1.6999999999999988,4.3000000000000025,0.018768284413765858,-0.32009497798452313
1.6999999999999988,4.200000000000003,0.018572488205462083,-0.31990274996392354
1.6999999999999988,4.100000000000003,0.01836789221149536,-0.31970186952418506
1.6999999999999988,4.0000000000000036,0.018153891342019786,-0.3194917408006599
1.6999999999999988,3.9000000000000035,0.017929823916996532,-0.3192717121150636
1.6999999999999988,3.8000000000000034,0.017694964917444267,-0.3190410693087615
1.6999999999999988,3.7000000000000033,0.01744851825116886,-0.3187990281011621
1.6999999999999988,3.600000000000003,0.01718960786236579,-0.31854472530380673
1.6999999999999988,3.500000000000003,0.016917267478714755,-0.3182772086858756
1.6999999999999988,3.400000000000003,0.01663042874793389,-0.31799542524481683
1.6999999999999988,3.300000000000003,0.016327907461755525,-0.3176982075828416
1.6999999999999988,3.200000000000003,0.016008387501105028,-0.3173842580257139
1.6999999999999988,3.1000000000000028,0.015670402052074144,-0.3170521300368937
1.6999999999999988,3.0000000000000027,0.015312311540563839,-0.3167002063786384
1.6999999999999988,2.9000000000000026,0.014932277602251723,-0.3163266733416808
1.6999999999999988,2.8000000000000025,0.014528232237927985,-0.3159294901983798
1.6999999999999988,2.7000000000000024,0.01409784109323947,-0.31550635282519324
1.6999999999999988,2.6000000000000023,0.013638459527494486,-0.3150546501660521
1.6999999999999988,2.500000000000002,0.013147079783320744,-0.3145714118569575
1.6999999999999988,2.400000000000002,0.012620267107883774,-0.31405324487238384
1.6999999999999988,2.300000000000002,0.012054082071201084,-0.3134962564496408
1.6999999999999988,2.200000000000002,0.011443985528377464,-0.31289595975031337
1.6999999999999988,2.100000000000002,0.010784721607756786,-0.312247157653716
1.6999999999999988,2.0000000000000018,0.010070172680733479,-0.31154379865086923
1.6999999999999988,1.9000000000000017,0.009293178341300622,-0.31077879687852217
1.6999999999999988,1.8000000000000016,0.008445307800874931,-0.3099438057058077
1.6999999999999988,1.7000000000000015,0.007516571510614729,-0.30902893068301457
1.6999999999999988,1.6000000000000014,0.006495052866223388,-0.3080223626862716
1.6999999999999988,1.5000000000000013,0.0053664339732849755,-0.3069099051806766
1.6999999999999988,1.4000000000000012,0.004113379866718019,-0.30567435987868413
1.6999999999999988,1.3000000000000012,0.0027147321801052784,-0.30429472156569093
1.6999999999999988,1.200000000000001,0.0011444445194760794,-0.302745113938931
1.6999999999999988,1.100000000000001,-0.0006298343829178343,-0.30099337181205155
1.6999999999999988,1.0000000000000009,-0.0026486602249918383,-0.2989991379463782
1.6999999999999988,0.9000000000000009,-0.00496335757506813,-0.29671129023278986
1.6999999999999988,0.8000000000000009,-0.007639509094718641,-0.2940644359212254
1.6999999999999988,0.700000000000001,-0.010761770344197816,-0.290974066974407
1.6999999999999988,0.600000000000001,-0.014440768540041067,-0.28732961170047006
1.6999999999999988,0.500000000000001,-0.01882408405824921,-0.28298337982412447
1.6999999999999988,0.400000000000001,-0.02411832870633413,-0.2777283998558526
1.6999999999999988,0.30000000000000104,-0.030650427742020946,-0.2712371088074279
1.6999999999999988,0.20000000000000104,-0.039085531209627315,-0.26284362104795644
1.6999999999999988,0.10000000000000103,-0.013703387991005478,-0.2505781703324991
1.5999999999999988,5,0.019823822216282264,-0.34052434815114263
1.5999999999999988,4.9,0.019669077441500062,-0.34037234436300784
1.5999999999999988,4.800000000000001,0.019508316142546864,-0.34021442400160035
1.5999999999999988,4.700000000000001,0.019341181234040723,-0.34005023550799407
1.5999999999999988,4.600000000000001,0.019167286869796178,-0.33987939897391994
1.5999999999999988,4.500000000000002,0.018986215495238108,-0.33970150323276793
1.5999999999999988,4.400000000000002,0.018797514530910928,-0.3395161025860491
1.5999999999999988,4.3000000000000025,0.018600692632199795,-0.3393227131110612
1.5999999999999988,4.200000000000003,0.01839521546037804,-0.3391208084855834
1.5999999999999988,4.100000000000003,0.01818050089038606,-0.33890981525542185
1.5999999999999988,4.0000000000000036,0.0179559135644706,-0.3386891074555104
1.5999999999999988,3.9000000000000035,0.017720758687148782,-0.33845800048029584
1.5999999999999988,3.8000000000000034,0.017474274934405287,-0.3382157440780272
1.5999999999999988,3.7000000000000033,0.0172156263278909,-0.3379615143209731
1.5999999999999988,3.600000000000003,0.016943892893377742,-0.33769440437237963
1.5999999999999988,3.500000000000003,0.016658059887677004,-0.3374134138363025
1.5999999999999988,3.400000000000003,0.016357005332245662,-0.33711743643084535
1.5999999999999988,3.300000000000003,0.016039485536934378,-0.336805245670699
1.5999999999999988,3.200000000000003,0.01570411822743989,-0.33647547817567447
1.5999999999999988,3.1000000000000028,0.015349362804530954,-0.3361266141369546
1.5999999999999988,3.0000000000000027,0.014973497152616682,-0.33575695436259545
1.5999999999999988,2.9000000000000026,0.014574590280237814,-0.335364593189991
1.5999999999999988,2.8000000000000025,0.014150469897971031,-0.3349473863765766
1.5999999999999988,2.7000000000000024,0.013698683817544277,-0.33450291285906647
1.5999999999999988,2.6000000000000023,0.013216453767560078,-0.3340284289850888
1.5999999999999988,2.500000000000002,0.012700619849764849,-0.3335208134497477
1.5999999999999988,2.400000000000002,0.012147573373609694,-0.3329765006859343
1.5999999999999988,2.300000000000002,0.011553175171232942,-0.3323913998224729
1.5999999999999988,2.200000000000002,0.01091265565259012,-0.3317607954832944
1.5999999999999988,2.100000000000002,0.010220491739747655,-0.3310792255816281
1.5999999999999988,2.0000000000000018,0.009470254317006464,-0.33034032976052286
1.5999999999999988,1.9000000000000017,0.00865441780261556,-0.3295366600999222
1.5999999999999988,1.8000000000000016,0.007764120684888341,-0.3286594429429587
1.5999999999999988,1.7000000000000015,0.006788862076743472,-0.3276982768964898
1.5999999999999988,1.6000000000000014,0.005716114118880096,-0.32664074681879895
1.5999999999999988,1.5000000000000013,0.004530822806773729,-0.3254719263177508
1.5999999999999988,1.4000000000000012,0.003214759707271502,-0.3241737311114689
1.5999999999999988,1.3000000000000012,0.0017456728869096945,-0.32272407134903935
1.5999999999999988,1.200000000000001,0.00009616558598029776,-0.32109573100986133
1.5999999999999988,1.100000000000001,-0.0017677964964862942,-0.3192548745018263
1.5999999999999988,1.0000000000000009,-0.003888887110110364,-0.31715904135659856
1.5999999999999988,0.9000000000000009,-0.006321123067109733,-0.3147544343041465
1.5999999999999988,0.8000000000000009,-0.009133544394080899,-0.31197222229792587
1.5999999999999988,0.700000000000001,-0.012415294979661842,-0.30872342906936406
1.5999999999999988,0.600000000000001,-0.016282905290846434,-0.30489159863243565
1.5999999999999988,0.500000000000001,-0.020891886266327216,-0.30032112395924593
1.5999999999999988,0.400000000000001,-0.026460026205536884,-0.29479385985663054
1.5999999999999988,0.30000000000000104,-0.03333200116903407,-0.2879644792969551
1.5999999999999988,0.20000000000000104,-0.04220903701193822,-0.27913099598558844
1.5999999999999988,0.10000000000000103,-0.013458585875282559,-0.2662169274517542
1.4999999999999987,5,0.019663266353821797,-0.3624521822857995
1.4999999999999987,4.9,0.019500369789582153,-0.3622918799999555
1.4999999999999987,4.800000000000001,0.019331138016555116,-0.36212533831208094
1.4999999999999987,4.700000000000001,0.019155194929809674,-0.3619521864802169
1.4999999999999987,4.600000000000001,0.018972134122871756,-0.3617720238650937
1.4999999999999987,4.500000000000002,0.018781515781612215,-0.36158441686218806
1.4999999999999987,4.400000000000002,0.018582863188826217,-0.36138889544929476
1.4999999999999987,4.3000000000000025,0.018375658782109984,-0.3611849492920429
1.4999999999999987,4.200000000000003,0.01815933969675198,-0.3609720233402711
1.4999999999999987,4.100000000000003,0.017933292714513986,-0.3607495128368399
1.4999999999999987,4.0000000000000036,0.017696848522875713,-0.36051675764398183
1.4999999999999987,3.9000000000000035,0.01744927517405435,-0.36027303577829506
1.4999999999999987,3.8000000000000034,0.017189770610446728,-0.3600175560214284
1.4999999999999987,3.7000000000000033,0.016917454098129323,-0.3597494494501647
1.4999999999999987,3.600000000000003,0.016631356378669453,-0.35946775969760536
1.4999999999999987,3.500000000000003,0.016330408310854694,-0.3591714317189094
1.4999999999999987,3.400000000000003,0.016013427726626457,-0.3588592987883983
1.4999999999999987,3.300000000000003,0.015679104166850578,-0.3585300673962278
1.4999999999999987,3.200000000000003,0.015325981089942984,-0.35818229964092385
1.4999999999999987,3.1000000000000028,0.014952435053696325,-0.35781439262174997
1.4999999999999987,3.0000000000000027,0.014556651257648049,-0.35742455422272623
1.4999999999999987,2.9000000000000026,0.014136594687041,-0.35701077453477426
1.4999999999999987,2.8000000000000025,0.013689975915283252,-0.35657079197866415
1.4999999999999987,2.7000000000000024,0.01321421038569414,-0.3561020529571602
1.4999999999999987,2.6000000000000023,0.01270636969030592,-0.35560166356244016
1.4999999999999987,2.500000000000002,0.012163122969465662,-0.35506633147270306
1.4999999999999987,2.400000000000002,0.01158066604385135,-0.35449229566110096
1.4999999999999987,2.300000000000002,0.010954635217793064,-0.35387524086936695
1.4999999999999987,2.200000000000002,0.010280001802387027,-0.3532101929098937
1.4999999999999987,2.100000000000002,0.00955094222318575,-0.3524913896777748
1.4999999999999987,2.0000000000000018,0.008760676987587469,-0.3517121211660168
1.4999999999999987,1.9000000000000017,0.00790126964009882,-0.35086452962968684
1.4999999999999987,1.8000000000000016,0.006963373909419115,-0.34993935811759597
1.4999999999999987,1.7000000000000015,0.005935913244967287,-0.34892563157617984
1.4999999999999987,1.6000000000000014,0.004805671407081186,-0.34781024917978604
1.4999999999999987,1.5000000000000013,0.0035567650962951185,-0.3465774588300996
1.4999999999999987,1.4000000000000012,0.0021699588939227644,-0.34520817399348114
1.4999999999999987,1.3000000000000012,0.0006217677972084549,-0.34367907794693275
1.4999999999999987,1.200000000000001,-0.0011167283596610475,-0.34196143931794987
1.4999999999999987,1.100000000000001,-0.0030814636771280416,-0.3400195330993445
1.4999999999999987,1.0000000000000009,-0.005317504322996603,-0.3378085196587133
1.4999999999999987,0.9000000000000009,-0.007881910393871039,-0.33527157512036104
1.4999999999999987,0.8000000000000009,-0.010847633499680612,-0.3323359773993806
1.4999999999999987,0.700000000000001,-0.014308900685139816,-0.32890769153666066
1.4999999999999987,0.600000000000001,-0.01838893591272373,-0.32486359559376676
1.4999999999999987,0.500000000000001,-0.023252254303526163,-0.3200391064508975
1.4999999999999987,0.400000000000001,-0.029129350704961372,-0.314203396043753
1.4999999999999987,0.30000000000000104,-0.036385100492146404,-0.3069909507465497
1.4999999999999987,0.20000000000000104,-0.04576178418067166,-0.297658728874036
1.4999999999999987,0.10000000000000103,-0.013229440262929461,-0.28400882337432376
1.3999999999999986,5,0.0194394065525885,-0.3876173008859565
1.3999999999999986,4.9,0.019267315545400024,-0.3874474255318794
1.3999999999999986,4.800000000000001,0.019088529586755935,-0.38727093909243643
1.3999999999999986,4.700000000000001,0.01890265108341105,-0.3870874487793028
1.3999999999999986,4.600000000000001,0.018709250398598793,-0.3868965301307723
1.3999999999999986,4.500000000000002,0.01850786256613131,-0.38669772376182504
1.3999999999999986,4.400000000000002,0.018297983592491435,-0.38649053170633013
1.3999999999999986,4.3000000000000025,0.018079066286404766,-0.38627441329159184
1.3999999999999986,4.200000000000003,0.01785051554323967,-0.3860487804730238
1.3999999999999986,4.100000000000003,0.017611683000494573,-0.3858129925462943
1.3999999999999986,4.0000000000000036,0.017361860963879112,-0.3855663501371438
1.3999999999999986,3.9000000000000035,0.017100275485694396,-0.3853080883516581
1.3999999999999986,3.8000000000000034,0.01682607845546863,-0.3850373689482277
1.3999999999999986,3.7000000000000033,0.016538338534555094,-0.3847532713642794
1.3999999999999986,3.600000000000003,0.01623603073336824,-0.3844547823982098
1.3999999999999986,3.500000000000003,0.015918024390385255,-0.3841407843075072
1.3999999999999986,3.400000000000003,0.015583069259743076,-0.38381004103238825
1.3999999999999986,3.300000000000003,0.015229779354159485,-0.3834611821942001
1.3999999999999986,3.200000000000003,0.014856614110863833,-0.3830926844397654
1.3999999999999986,3.1000000000000028,0.014461856352615605,-0.3827028496073258
1.3999999999999986,3.0000000000000027,0.01404358639314993,-0.38228977906835626
1.3999999999999986,2.9000000000000026,0.013599651483500114,-0.3818513434465578
1.3999999999999986,2.8000000000000025,0.013127629599806692,-0.38138514672181584
1.3999999999999986,2.7000000000000024,0.01262478632149915,-0.3808884834749274
1.3999999999999986,2.6000000000000023,0.012088023229848397,-0.3803582877126288
1.3999999999999986,2.500000000000002,0.011513815836164069,-0.37979107129293166
1.3999999999999986,2.400000000000002,0.010898138507571074,-0.3791828494311247
1.3999999999999986,2.300000000000002,0.010236373143197617,-0.3785290500543785
1.3999999999999986,2.200000000000002,0.009523197408794055,-0.37782440283003293
1.3999999999999986,2.100000000000002,0.008752447080824859,-0.3770628024383303
1.3999999999999986,2.0000000000000018,0.007916945363442743,-0.37623713897431
1.3999999999999986,1.9000000000000017,0.007008289759657923,-0.3753390860832339
1.3999999999999986,1.8000000000000016,0.006016583972697037,-0.37435883432694617
1.3999999999999986,1.7000000000000015,0.004930098052088095,-0.3732847530122944
1.3999999999999986,1.6000000000000014,0.0037348341167957187,-0.3721029578166224
1.3999999999999986,1.5000000000000013,0.002413966816838352,-0.37079675334687767
1.3999999999999986,1.4000000000000012,0.0009471162897630338,-0.36934590830863334
1.3999999999999986,1.3000000000000012,-0.000690604598004084,-0.36772570489298334
1.3999999999999986,1.200000000000001,-0.002529849314216952,-0.36590568142616187
1.3999999999999986,1.100000000000001,-0.004608714962339158,-0.3638479556541404
1.3999999999999986,1.0000000000000009,-0.006974993655710439,-0.3615049715678268
1.3999999999999986,0.9000000000000009,-0.009689216070477296,-0.35881644944746727
1.3999999999999986,0.8000000000000009,-0.012828799115670357,-0.35570522345292255
1.3999999999999986,0.700000000000001,-0.016493779370047354,-0.35207147923190496
1.3999999999999986,0.600000000000001,-0.02081504120638316,-0.3477844746698936
1.3999999999999986,0.500000000000001,-0.025967420423599397,-0.3426693564820225
1.3999999999999986,0.400000000000001,-0.03219599858692798,-0.33648076764109575
1.3999999999999986,0.30000000000000104,-0.03988886332996425,-0.3288300385456038
1.3999999999999986,0.20000000000000104,-0.04983547638228489,-0.318926987029963
1.3999999999999986,0.10000000000000103,-0.01301414738937863,-0.30443419402144556
1.2999999999999985,5,0.01913552015525888,-0.41680619755452225
1.2999999999999985,4.9,0.018952972328555043,-0.4166251353216741
1.2999999999999985,4.800000000000001,0.01876332002274832,-0.41643702857163967
1.2999999999999985,4.700000000000001,0.01856614115842921,-0.4162414588580534
1.2999999999999985,4.600000000000001,0.01836097962559355,-0.41603797399810394
1.2999999999999985,4.500000000000002,0.018147341792315225,-0.4158260846111329
1.2999999999999985,4.400000000000002,0.01792469257595113,-0.4156052602233078
1.2999999999999985,4.3000000000000025,0.017692451011676873,-0.41537492487384625
1.2999999999999985,4.200000000000003,0.01744998524185102,-0.4151344521469356
1.2999999999999985,4.100000000000003,0.01719660683626315,-0.4148831595397765
1.2999999999999985,4.0000000000000036,0.016931564337236235,-0.4146203020621071
1.2999999999999985,3.9000000000000035,0.016654035903735147,-0.41434506494175405
1.2999999999999985,3.8000000000000034,0.016363120904511266,-0.41405655528778806
1.2999999999999985,3.7000000000000033,0.01605783028221499,-0.4137537925343491
1.2999999999999985,3.600000000000003,0.01573707547437088,-0.41343569745272135
1.2999999999999985,3.500000000000003,0.015399655633744328,-0.4131010794759926
1.2999999999999985,3.400000000000003,0.015044242837651347,-0.41274862202808177
1.2999999999999985,3.300000000000003,0.01466936490900221,-0.4123768654826801
1.2999999999999985,3.200000000000003,0.014273385389497332,-0.4119841872954606
1.2999999999999985,3.1000000000000028,0.013854480103184817,-0.41156877875183984
1.2999999999999985,3.0000000000000027,0.013410609616742137,-0.4111286176408497
1.2999999999999985,2.9000000000000026,0.012939486742530941,-0.410661436006941
1.2999999999999985,2.8000000000000025,0.012438538017633022,-0.4101646819190814
1.2999999999999985,2.7000000000000024,0.011904857829393455,-0.4096354739358491
1.2999999999999985,2.6000000000000023,0.011335153512093183,-0.40907054660039766
1.2999999999999985,2.500000000000002,0.010725679295727274,-0.408466184857717
1.2999999999999985,2.400000000000002,0.010072156407744306,-0.40781814470869077
1.2999999999999985,2.300000000000002,0.00936967586674528,-0.40712155665623434
1.2999999999999985,2.200000000000002,0.008612579499410203,-0.40637080749431886
1.2999999999999985,2.100000000000002,0.007794313369957559,-0.4055593946520037
1.2999999999999985,2.0000000000000018,0.006907246010504475,-0.40467974550717256
1.2999999999999985,1.9000000000000017,0.0059424414025831575,-0.4037229916501409
1.2999999999999985,1.8000000000000016,0.004889373344637474,-0.4026786847638629
1.2999999999999985,1.7000000000000015,0.0037355632839630136,-0.401534436229996
1.2999999999999985,1.6000000000000014,0.0024661174033745025,-0.4002754562756087
1.2999999999999985,1.5000000000000013,0.0010631300097927628,-0.39888395971288865
1.2999999999999985,1.4000000000000012,-0.0004950919360551768,-0.39733839307437036
1.2999999999999985,1.3000000000000012,-0.0022350454203717606,-0.39561242075234637
1.2999999999999985,1.200000000000001,-0.004189375378489086,-0.3936735835915123
1.2999999999999985,1.100000000000001,-0.006398666030035589,-0.3914815094290975
1.2999999999999985,1.0000000000000009,-0.00891384669248458,-0.38898550733392945
1.2999999999999985,0.9000000000000009,-0.01179944629576915,-0.38612130929931465
1.2999999999999985,0.8000000000000009,-0.015138032022292528,-0.3828066204286116
1.2999999999999985,0.700000000000001,-0.019036350325748595,-0.3789349535821964
1.2999999999999985,0.600000000000001,-0.023634147164088803,-0.37436676341520797
1.2999999999999985,0.500000000000001,-0.02911821849010711,-0.3689153209534656
1.2999999999999985,0.400000000000001,-0.035750579610408645,-0.36231844654406076
1.2999999999999985,0.30000000000000104,-0.04394629723860663,-0.3541606176210711
1.2999999999999985,0.20000000000000104,-0.04355140427790544,-0.34359692015047416
1.2999999999999985,0.10000000000000103,-0.012811199901678148,-0.3281278282801444
1.1999999999999984,5,0.01872934355503933,-0.45107631264209413
1.1999999999999984,4.9,0.01853478999638021,-0.45088202837824487
1.1999999999999984,4.800000000000001,0.018332661238833686,-0.4506801880868303
1.1999999999999984,4.700000000000001,0.018122507025356144,-0.45047034308783324
1.1999999999999984,4.600000000000001,0.01790384077877436,-0.4502520085373535
1.1999999999999984,4.500000000000002,0.017676135873982486,-0.4500246597183204
1.1999999999999984,4.400000000000002,0.017438821442188352,-0.4497877278655449
1.1999999999999984,4.3000000000000025,0.01719127763860669,-0.44954059545740493
1.1999999999999984,4.200000000000003,0.01693283029087686,-0.449282590891399
1.1999999999999984,4.100000000000003,0.01666274483296907,-0.44901298244933896
1.1999999999999984,4.0000000000000036,0.016380219410270968,-0.44873097143820984
1.1999999999999984,3.9000000000000035,0.01608437702182145,-0.4484356843735864
1.1999999999999984,3.8000000000000034,0.01577425653934392,-0.4481261640461722
1.1999999999999984,3.7000000000000033,0.015448802412476453,-0.44780135928197173
1.1999999999999984,3.600000000000003,0.015106852830932493,-0.44746011316812306
1.1999999999999984,3.500000000000003,0.014747126069059908,-0.44710114947134705
1.1999999999999984,3.400000000000003,0.0143682046791771,-0.4467230569177185
1.1999999999999984,3.300000000000003,0.013968517131485603,-0.44632427093321275
1.1999999999999984,3.200000000000003,0.01354631640826178,-0.44590305235625605
1.1999999999999984,3.1000000000000028,0.013099654950156994,-0.44545746252293145
1.1999999999999984,3.0000000000000027,0.012626355214041044,-0.4449853339888107
1.1999999999999984,2.9000000000000026,0.012123974925368021,-0.44448423597531983
1.1999999999999984,2.8000000000000025,0.011589765885690896,-0.44395143340746684
1.1999999999999984,2.7000000000000024,0.011020624909126916,-0.4433838381245826
1.1999999999999984,2.6000000000000023,0.010413035093768487,-0.4427779504792019
1.1999999999999984,2.500000000000002,0.009762995158348876,-0.44212978906625455
1.1999999999999984,2.400000000000002,0.009065933949931944,-0.4414348057025514
1.1999999999999984,2.300000000000002,0.008316606414067184,-0.44068778196569064
1.1999999999999984,2.200000000000002,0.007508966234460439,-0.43988270252121664
1.1999999999999984,2.100000000000002,0.006636008911173431,-0.4390125990337194
1.1999999999999984,2.0000000000000018,0.005689577109084986,-0.43806935652631873
1.1999999999999984,1.9000000000000017,0.004660117492392029,-0.43704347144313904
1.1999999999999984,1.8000000000000016,0.0035363746935840957,-0.43592374711011717
1.1999999999999984,1.7000000000000015,0.002305003166670902,-0.4346969073963147
1.1999999999999984,1.6000000000000014,0.0009500709077716451,-0.43334710261631065
1.1999999999999984,1.5000000000000013,-0.0005475803914729476,-0.4318552722933354
1.1999999999999984,1.4000000000000012,-0.0022111673490973517,-0.4301983162284889
1.1999999999999984,1.3000000000000012,-0.004069056107930447,-0.4283480068127087
1.1999999999999984,1.200000000000001,-0.006156205740040824,-0.42626954948126117
1.1999999999999984,1.100000000000001,-0.008516093233125391,-0.42391966157400307
1.1999999999999984,1.0000000000000009,-0.011203300625025288,-0.42124398825730525
1.1999999999999984,0.9000000000000009,-0.014287017706794575,-0.4181736005047251
1.1999999999999984,0.8000000000000009,-0.01785582378157673,-0.4146202086525987
1.1999999999999984,0.700000000000001,-0.022024310585251096,-0.41046952415944965
1.1999999999999984,0.600000000000001,-0.026942604347293606,-0.4055717033932662
1.1999999999999984,0.500000000000001,-0.03281153983450379,-0.3997261110848128
1.1999999999999984,0.400000000000001,-0.03991304985503134,-0.39265083992899463
1.1999999999999984,0.30000000000000104,-0.04869397705795654,-0.38389882342742504
1.1999999999999984,0.20000000000000104,-0.03777317447857669,-0.37256076829767726
1.1999999999999984,0.10000000000000103,-0.012619324736910173,-0.3559462977355906
1.0999999999999983,5,0.018190696763965408,-0.49187130753160035
1.0999999999999983,4.9,0.017982207744774773,-0.49166131963534965
1.0999999999999983,4.800000000000001,0.017765596411950357,-0.4914431677898897
1.0999999999999983,4.700000000000001,0.017540379712380715,-0.4912163673699631
1.0999999999999983,4.600000000000001,0.01730603560434425,-0.4909803947002961
1.0999999999999983,4.500000000000002,0.01706199905323779,-0.4907346830510953
1.0999999999999983,4.400000000000002,0.0168076575247061,-0.490478618131322
1.0999999999999983,4.3000000000000025,0.01654234590061504,-0.4902115330059028
1.0999999999999983,4.200000000000003,0.01626534072973334,-0.48993270234838104
1.0999999999999983,4.100000000000003,0.0159758537097679,-0.4896413359262942
1.0999999999999983,4.0000000000000036,0.015673024278712276,-0.4893365711976207
1.0999999999999983,3.9000000000000035,0.015355911170437778,-0.48901746487321773
1.0999999999999983,3.8000000000000034,0.01502348276279576,-0.48868298327455617
1.0999999999999983,3.7000000000000033,0.014674606012304858,-0.48833199128114585
1.0999999999999983,3.600000000000003,0.014308033729234382,-0.48796323962240895
1.0999999999999983,3.500000000000003,0.013922389896999891,-0.4875753502188186
1.0999999999999983,3.400000000000003,0.013516152677562437,-0.48716679921549944
1.0999999999999983,3.300000000000003,0.013087634668573248,-0.4867358972753101
1.0999999999999983,3.200000000000003,0.012634959882757731,-0.4862807666042643
1.0999999999999983,3.1000000000000028,0.012156036800832925,-0.48579931406285853
1.0999999999999983,3.0000000000000027,0.011648526699660506,-0.4852891995683787
1.0999999999999983,2.9000000000000026,0.011109806268095126,-0.4847477988048156
1.0999999999999983,2.8000000000000025,0.010536923281310867,-0.48417215901617433
1.0999999999999983,2.7000000000000024,0.009926543797186282,-0.48355894635370367
1.0999999999999983,2.6000000000000023,0.009274888939588765,-0.48290438285025844
1.0999999999999983,2.500000000000002,0.00857765882000135,-0.4822041705841984
1.0999999999999983,2.400000000000002,0.007829940475516621,-0.481453399925144
1.0999999999999983,2.300000000000002,0.00702609581971181,-0.4806464378760028
1.0999999999999983,2.200000000000002,0.006159624432791867,-0.4797767913616247
1.0999999999999983,2.100000000000002,0.005222994460109321,-0.4788369387629746
1.0999999999999983,2.0000000000000018,0.004207432795007268,-0.4778181209126693
1.0999999999999983,1.9000000000000017,0.0031026628880291315,-0.4767100799440317
1.0999999999999983,1.8000000000000016,0.0018965746628142128,-0.475500730539454
1.0999999999999983,1.7000000000000015,0.0005748057096518278,-0.47417574283146907
1.0999999999999983,1.6000000000000014,-0.0008797944116135758,-0.47271800889228605
1.0999999999999983,1.5000000000000013,-0.002487855148998564,-0.4711069545491764
1.0999999999999983,1.4000000000000012,-0.004274383903544008,-0.46931764398669296
1.0999999999999983,1.3000000000000012,-0.006269945713296962,-0.4673196045241919
1.0999999999999983,1.200000000000001,-0.008512224697761507,-0.4650752706859757
1.0999999999999983,1.100000000000001,-0.011048108036276158,-0.46253790683583873
1.0999999999999983,1.0000000000000009,-0.013936489246710981,-0.4596488114054465
1.0999999999999983,0.9000000000000009,-0.01725206744483146,-0.456333525267559
1.0999999999999983,0.8000000000000009,-0.02109054022287926,-0.4524966446933455
1.0999999999999983,0.700000000000001,-0.02557580573925757,-0.44801461922972663
1.0999999999999983,0.600000000000001,-0.030870330694039192,-0.44272537026482905
1.0999999999999983,0.500000000000001,-0.03719168026709822,-0.43641172266421574
1.0999999999999983,0.400000000000001,-0.04484558015307233,-0.4287682691502978
1.0999999999999983,0.30000000000000104,-0.05431689089578693,-0.4193103027579777
1.0999999999999983,0.20000000000000104,-0.03463641867981864,-0.40705161303893656
1.0999999999999983,0.10000000000000103,-0.012437436577881164,-0.38907361322565914
0.9999999999999983,5,0.01747780319910399,-0.541185369768181
0.9999999999999983,4.9,0.017252931712933687,-0.5409569484164942
0.9999999999999983,4.800000000000001,0.017019293683675663,-0.5407196453091427
0.9999999999999983,4.700000000000001,0.01677636737606104,-0.5404729331618234
0.9999999999999983,4.600000000000001,0.016523588913258697,-0.5402162422000374
0.9999999999999983,4.500000000000002,0.016260347945662702,-0.5399489558015969
0.9999999999999983,4.400000000000002,0.01598598277522595,-0.539670405592521
0.9999999999999983,4.3000000000000025,0.01569977485544445,-0.5393798659162744
0.9999999999999983,4.200000000000003,0.015400942570546406,-0.5390765475796307
0.9999999999999983,4.100000000000003,0.015088634182479365,-0.5387595907636069
0.9999999999999983,4.0000000000000036,0.01476191981334228,-0.538428056967063
0.9999999999999983,3.9000000000000035,0.014419782305860843,-0.5380809198251993
0.9999999999999983,3.8000000000000034,0.014061106775561185,-0.5377170546165826
0.9999999999999983,3.7000000000000033,0.013684668632207029,-0.5373352262361528
0.9999999999999983,3.600000000000003,0.013289119801922333,-0.5369340753655749
0.9999999999999983,3.500000000000003,0.012872972830756398,-0.5365121025216446
0.9999999999999983,3.400000000000003,0.012434582479254597,-0.5360676495924526
0.9999999999999983,3.300000000000003,0.011972124337994031,-0.5355988783917764
0.9999999999999983,3.200000000000003,0.011483569888556151,-0.5351037456565118
0.9999999999999983,3.1000000000000028,0.010966657306429775,-0.5345799737845529
0.9999999999999983,3.0000000000000027,0.01041885713840741,-0.5340250164471685
0.9999999999999983,2.9000000000000026,0.009837331782239368,-0.5334360180056308
0.9999999999999983,2.8000000000000025,0.009218887433145067,-0.5328097653995754
0.9999999999999983,2.7000000000000024,0.008559916827161403,-0.5321426308412865
0.9999999999999983,2.6000000000000023,0.007856330678393746,-0.5314305032190108
0.9999999999999983,2.500000000000002,0.007103475146938409,-0.5306687055542092
0.9999999999999983,2.400000000000002,0.006296031942009782,-0.5298518951290448
0.9999999999999983,2.300000000000002,0.005427896703424345,-0.5289739419435366
0.9999999999999983,2.200000000000002,0.004492030029482441,-0.5280277798926155
0.9999999999999983,2.100000000000002,0.003480273820450531,-0.52700522336391
0.9999999999999983,2.0000000000000018,0.00238312332240744,-0.5258967396842223
0.9999999999999983,1.9000000000000017,0.001189442161380132,-0.5246911647647111
0.9999999999999983,1.8000000000000016,-0.00011389656297866157,-0.5233753450974651
0.9999999999999983,1.7000000000000015,-0.0015424658615751609,-0.5219336834812489
0.9999999999999983,1.6000000000000014,-0.003114867891689164,-0.5203475578615017
0.9999999999999983,1.5000000000000013,-0.004853486420826889,-0.5185945715259221
0.9999999999999983,1.4000000000000012,-0.006785466386466564,-0.5166475772832769
0.9999999999999983,1.3000000000000012,-0.008944000295147796,-0.5144733962757169
0.9999999999999983,1.200000000000001,-0.011370032316962079,-0.5120311210780508
0.9999999999999983,1.100000000000001,-0.014114534811576412,-0.5092698489702632
0.9999999999999983,1.0000000000000009,-0.0172415740065505,-0.5061256293411545
0.9999999999999983,0.9000000000000009,-0.020832470294756596,-0.5025173202967259
0.9999999999999983,0.8000000000000009,-0.024991493246295123,-0.49834091428497673
0.9999999999999983,0.700000000000001,-0.029853773604599246,-0.49346164863169295
0.9999999999999983,0.600000000000001,-0.0355967115683751,-0.48770261591318675
0.9999999999999983,0.500000000000001,-0.04245817650607325,-0.4808265657438622
0.9999999999999983,0.400000000000001,-0.05077285041783556,-0.4724995217519444
0.9999999999999983,0.30000000000000104,-0.06107194546369553,-0.4621909564997084
0.9999999999999983,0.20000000000000104,-0.03242967151534213,-0.4488209835879766
0.9999999999999983,0.10000000000000103,-0.012264602398036646,-0.4291929898113269
0.8999999999999984,5,0.016531398084633817,-0.6017890104980306
0.8999999999999984,4.9,0.01628697644197436,-0.6015399668277028
0.8999999999999984,4.800000000000001,0.016033017926410122,-0.6012812250999021
0.8999999999999984,4.700000000000001,0.01576895445337602,-0.6010122087951042
0.8999999999999984,4.600000000000001,0.015494172010985057,-0.6007322948800176
0.8999999999999984,4.500000000000002,0.01520800593495331,-0.6004408090320676
0.8999999999999984,4.400000000000002,0.014909735589613038,-0.6001370202648657
0.8999999999999984,4.3000000000000025,0.014598578366302392,-0.599820134865261
0.8999999999999984,4.200000000000003,0.014273682895129102,-0.5994892895376343
0.8999999999999984,4.100000000000003,0.013934121347335128,-0.5991435436314656
0.8999999999999984,4.0000000000000036,0.013578880683800672,-0.5987818703074254
0.8999999999999984,3.9000000000000035,0.013206852677392914,-0.598403146468343
0.8999999999999984,3.8000000000000034,0.012816822506072752,-0.5980061412512112
0.8999999999999984,3.7000000000000033,0.012407455671307337,-0.5975895028335847
0.8999999999999984,3.600000000000003,0.011977282951040261,-0.5971517432623886
0.8999999999999984,3.500000000000003,0.011524683034305075,-0.5966912209507871
0.8999999999999984,3.400000000000003,0.011047862412455093,-0.5962061204168406
0.8999999999999984,3.300000000000003,0.010544832010867089,-0.5956944287458362
0.8999999999999984,3.200000000000003,0.01001337993121128,-0.5951539081452222
0.8999999999999984,3.1000000000000028,0.00945103953295429,-0.594582063818512
0.8999999999999984,3.0000000000000027,0.008855051903429131,-0.5939761062063472
0.8999999999999984,2.9000000000000026,0.008222321540562953,-0.5933329064166983
0.8999999999999984,2.8000000000000025,0.007549363783562779,-0.5926489433787496
0.8999999999999984,2.7000000000000024,0.006832242158904911,-0.5919202408866088
0.8999999999999984,2.6000000000000023,0.006066493333124836,-0.5911422922248624
0.8999999999999984,2.500000000000002,0.00524703674772738,-0.5903099694530644
0.8999999999999984,2.400000000000002,0.004368065205705127,-0.5894174136226233
0.8999999999999984,2.300000000000002,0.003422911620266458,-0.5884579011449028
0.8999999999999984,2.200000000000002,0.002403885731807815,-0.5874236801300629
0.8999999999999984,2.100000000000002,0.0013020727260948035,-0.5863057686518346
0.8999999999999984,2.0000000000000018,0.00010708316599281325,-0.5850937043857785
0.8999999999999984,1.9000000000000017,-0.001193259768770661,-0.5837752316697065
0.8999999999999984,1.8000000000000016,-0.0026133144035849977,-0.5823359073993641
0.8999999999999984,1.7000000000000015,-0.00417012114921096,-0.5807586007882695
0.8999999999999984,1.6000000000000014,-0.005884043537657474,-0.5790228531823423
0.8999999999999984,1.5000000000000013,-0.007779596140413297,-0.5771040517833919
0.8999999999999984,1.4000000000000012,-0.009886523233133132,-0.574972353833583
0.8999999999999984,1.3000000000000012,-0.012241216648317937,-0.5725912734307228
0.8999999999999984,1.200000000000001,-0.014888595985939333,-0.5699158086934211
0.8999999999999984,1.100000000000001,-0.017884623468534297,-0.5668899382530517
0.8999999999999984,1.0000000000000009,-0.02129969536559087,-0.5634432468829376
0.8999999999999984,0.9000000000000009,-0.02522325200182437,-0.5594863404772801
0.8999999999999984,0.8000000000000009,-0.02977010063616444,-0.5549045585575624
0.8999999999999984,0.700000000000001,-0.0350892188366405,-0.5495492183644587
0.8999999999999984,0.600000000000001,-0.04137647401276466,-0.5432249528885189
0.8999999999999984,0.500000000000001,-0.04889493097850485,-0.5356694584454846
0.8999999999999984,0.400000000000001,-0.05801532292415993,-0.5265130400268099
0.8999999999999984,0.30000000000000104,-0.06932669041162785,-0.5151678750225621
0.8999999999999984,0.20000000000000104,-0.03072143540270029,-0.5004371594690131
0.8999999999999984,0.10000000000000103,-0.012100014057837075,-0.47877770490161053
0.7999999999999984,5,0.015264929970919978,-0.03517148568435645
0.7999999999999984,4.9,0.014996756004591449,-0.03523927229830663
0.7999999999999984,4.800000000000001,0.014718106913777375,-0.03530951067337991
0.7999999999999984,4.700000000000001,0.014428358014563963,-0.03538233524410189
0.7999999999999984,4.600000000000001,0.01412683406012447,-0.03545789036646045
0.7999999999999984,4.500000000000002,0.013812804032317869,-0.03553633124031497
0.7999999999999984,4.400000000000002,0.013485475277847107,-0.03561782493526068
0.7999999999999984,4.3000000000000025,0.013143986890824754,-0.03570255153357243
0.7999999999999984,4.200000000000003,0.012787402226715575,-0.03579070540568245
0.7999999999999984,4.100000000000003,0.012414700412271384,-0.03588249663641033
0.7999999999999984,4.0000000000000036,0.012024766691094257,-0.03597815262228593
0.7999999999999984,3.9000000000000035,0.011616381415143692,-0.03607791986432695
0.7999999999999984,3.8000000000000034,0.01118820745616845,-0.03618206598359584
0.7999999999999984,3.7000000000000033,0.010738775766895423,-0.03629088199206491
0.7999999999999984,3.600000000000003,0.010266468769117531,-0.036404684855900885
0.7999999999999984,3.500000000000003,0.009769501177700505,-0.03652382039479963
0.7999999999999984,3.400000000000003,0.009245897790921508,-0.03664866656800207
0.7999999999999984,3.300000000000003,0.008693467673899355,-0.036779637206308516
0.7999999999999984,3.200000000000003,0.008109774037553402,-0.036917186258951074
0.7999999999999984,3.1000000000000028,0.0074920989575451204,-0.03706181263638067
0.7999999999999984,3.0000000000000027,0.006837401878902536,-0.03721406574323932
0.7999999999999984,2.9000000000000026,0.006142270601028229,-0.03737455181183759
0.7999999999999984,2.8000000000000025,0.005402863117274177,-0.0375439411649935
0.7999999999999984,2.7000000000000024,0.004614838272862232,-0.03772297655791407
0.7999999999999984,2.6000000000000023,0.003773272676502449,-0.037912482772458594
0.7999999999999984,2.500000000000002,0.002872560612631877,-0.03811337766371234
0.7999999999999984,2.400000000000002,0.0019062928047538547,-0.6641040159181082
0.7999999999999984,2.300000000000002,0.0008671086970259453,-0.6630589286890864
0.7999999999999984,2.200000000000002,-0.0002534846457196496,-0.6619319219065367
0.7999999999999984,2.100000000000002,-0.001465336013526968,-0.6607130883091967
0.7999999999999984,2.0000000000000018,-0.0027799277173531037,-0.6593908792032868
0.7999999999999984,1.9000000000000017,-0.004210723085140628,-0.6579517558753227
0.7999999999999984,1.8000000000000016,-0.00577360466296736,-0.6563797502121518
0.7999999999999984,1.7000000000000015,-0.007487431207078345,-0.6546559064854611
0.7999999999999984,1.6000000000000014,-0.009374751568138735,-0.6527575662859615
0.7999999999999984,1.5000000000000013,-0.011462727569693383,-0.6506574446626713
0.7999999999999984,1.4000000000000012,-0.01378433767396485,-0.6483224259497384
0.7999999999999984,1.3000000000000012,-0.016379961050167757,-0.645711980129436
0.7999999999999984,1.200000000000001,-0.01929948109306279,-0.6427760614503082
0.7999999999999984,1.100000000000001,-0.022605103425967457,-0.6394522954991644
0.7999999999999984,1.0000000000000009,-0.026375163151059415,-0.6356621818971536
0.7999999999999984,0.9000000000000009,-0.030709311280175483,-0.6313059255934488
0.7999999999999984,0.8000000000000009,-0.035735646098815244,-0.6262553350765129
0.7999999999999984,0.700000000000001,-0.04162067000971524,-0.6203439118767424
0.7999999999999984,0.600000000000001,-0.0485837133830575,-0.6133524935859291
0.7999999999999984,0.500000000000001,-0.05691998623950376,-0.6049862856672721
0.7999999999999984,0.400000000000001,-0.06704639904713544,-0.5948291133987361
0.7999999999999984,0.30000000000000104,-0.07962623968805242,-0.582218730400489
0.7999999999999984,0.20000000000000104,-0.02932825589192714,-0.5658075196523518
0.7999999999999984,0.10000000000000103,-0.011942966832891921,-0.5416075596071346
0.6999999999999984,5,0.013547516955692857,-0.028162734592245386
0.6999999999999984,4.9,0.013249849775566102,-0.02825131114436108
0.6999999999999984,4.800000000000001,0.012940538675387015,-0.028343137016838493
0.6999999999999984,4.700000000000001,0.012618888227211692,-0.02843839307942901
0.6999999999999984,4.600000000000001,0.012284146625950431,-0.028537273768362577
0.6999999999999984,4.500000000000002,0.011935499872451355,-0.028639988370133235
0.6999999999999984,4.400000000000002,0.01157206522345346,-0.02874676245213803
0.6999999999999984,4.3000000000000025,0.011192883798372778,-0.028857839459747944
0.6999999999999984,4.200000000000003,0.010796912213577328,-0.028973482502805445
0.6999999999999984,4.100000000000003,0.010383013092870541,-0.029093976357515122
0.6999999999999984,4.0000000000000036,0.009949944274066144,-0.02921962971417802
0.6999999999999984,3.9000000000000035,0.009496346498777626,-0.029350777706154324
0.6999999999999984,3.8000000000000034,0.009020729331448867,-0.029487784761034183
0.6999999999999984,3.7000000000000033,0.008521455005325274,-0.029631047821754034
0.6999999999999984,3.600000000000003,0.007996719830995537,-0.029780999993690327
0.6999999999999984,3.500000000000003,0.007444532730001823,-0.029938114682857994
0.6999999999999984,3.400000000000003,0.006862690364225872,-0.03010291030211025
0.6999999999999984,3.300000000000003,0.006248748216956616,-0.03027595563522905
0.6999999999999984,3.200000000000003,0.005599986840677577,-0.030457875964727266
0.6999999999999984,3.1000000000000028,0.004913372308568731,-0.030649360088399608
0.6999999999999984,3.0000000000000027,0.004185509681952303,-0.030851168371544314
0.6999999999999984,2.9000000000000026,0.0034125880226913447,-0.031064142008675362
0.6999999999999984,2.8000000000000025,0.0025903151175919598,-0.03128921369935594
0.6999999999999984,2.7000000000000024,0.0017138396170168829,-0.031527419980083404
0.6999999999999984,2.6000000000000023,0.0007776576916905813,-0.031779915495975364
0.6999999999999984,2.500000000000002,-0.00022449946751826474,-0.03204798954546456
0.6999999999999984,2.400000000000002,-0.0012998019995867547,-0.03233308528580785
0.6999999999999984,2.300000000000002,-0.0024564876085855043,-0.03263682204663243
0.6999999999999984,2.200000000000002,-0.003704065500753962,-0.032961021259781
0.6999999999999984,2.100000000000002,-0.005053568222065643,-0.03330773656810856
0.6999999999999984,2.0000000000000018,-0.006517864809240815,-0.033679288712342166
0.6999999999999984,1.9000000000000017,-0.008112053030875511,-0.03407830578647425
0.6999999999999984,1.8000000000000016,-0.009853954477183497,-0.034507769357084724
0.6999999999999984,1.7000000000000015,-0.011764744513321405,-0.03497106668135933
0.6999999999999984,1.6000000000000014,-0.013869760601614364,-0.03547204869932207
0.6999999999999984,1.5000000000000013,-0.016199548598432357,-0.03601509238289576
0.6999999999999984,1.4000000000000012,-0.01879122934210787,-0.03660516399618244
0.6999999999999984,1.3000000000000012,-0.02169030004162918,-0.03724787616248493
0.6999999999999984,1.200000000000001,-0.024953030789927583,-0.037949525166602674
0.6999999999999984,1.100000000000001,-0.02864968188628472,-0.03871708367724205
0.6999999999999984,1.0000000000000009,-0.03286886127206627,-0.03955810490020212
0.6999999999999984,0.9000000000000009,-0.037723477458847424,-0.04048046245527245
0.6999999999999984,0.8000000000000009,-0.043358951960995734,-0.041491800755537586
0.6999999999999984,0.700000000000001,-0.049964727520595414,-0.04259850296262291
0.6999999999999984,0.600000000000001,-0.0577909958731037,-0.7043108768266471
0.6999999999999984,0.500000000000001,-0.06717546484270304,-0.6950323717762604
0.6999999999999984,0.400000000000001,-0.07859638228548768,-0.6837178973494742
0.6999999999999984,0.30000000000000104,-0.059229611113430704,-0.6696031954140733
0.6999999999999984,0.20000000000000104,-0.028153451115575052,-0.6511369728416933
0.6999999999999984,0.10000000000000103,-0.011792842397418502,-0.6237385524855361
