"Missing[""Filtered""]","Missing[""Filtered""]","Missing[""Filtered""]","Missing[""Filtered""]","Missing[""Filtered""]","Missing[""Filtered""]","Missing[""Filtered""]","Missing[""Filtered""]","Missing[""Filtered""]","Missing[""Filtered""]","Missing[""Filtered""]","Missing[""Filtered""]","Missing[""Filtered""]","Missing[""Filtered""]","Missing[""Filtered""]","Missing[""Filtered""]","Missing[""Filtered""]","Missing[""Filtered""]","Missing[""Filtered""]","Missing[""Filtered""]","Missing[""Filtered""]","Missing[""Filtered""]","Missing[""Filtered""]","Missing[""Filtered""]","Missing[""Filtered""]","Missing[""Filtered""]","Missing[""Filtered""]","Missing[""Filtered""]","Missing[""Filtered""]","Missing[""Filtered""]","Missing[""Filtered""]","Missing[""Filtered""]","Missing[""Filtered""]","Missing[""Filtered""]","Missing[""Filtered""]","Missing[""Filtered""]","Missing[""Filtered""]","Missing[""Filtered""]","Missing[""Filtered""]","Missing[""Filtered""]","Missing[""Filtered""]","Missing[""Filtered""]","Missing[""Filtered""]","Missing[""Filtered""]","Missing[""Filtered""]","Missing[""Filtered""]","Missing[""Filtered""]","Missing[""Filtered""]","Missing[""Filtered""]","Missing[""Filtered""]","Missing[""Filtered""]","Missing[""Filtered""]","Missing[""Filtered""]","Missing[""Filtered""]","Missing[""Filtered""]","Missing[""Filtered""]","Missing[""Filtered""]","Missing[""Filtered""]","Missing[""Filtered""]","Missing[""Filtered""]","Missing[""Filtered""]","Missing[""Filtered""]","Missing[""Filtered""]","Missing[""Filtered""]","Missing[""Filtered""]","Missing[""Filtered""]","Missing[""Filtered""]","Missing[""Filtered""]","Missing[""Filtered""]","Missing[""Filtered""]","Missing[""Filtered""]","Missing[""Filtered""]","Missing[""Filtered""]","Missing[""Filtered""]","Missing[""Filtered""]","Missing[""Filtered""]","Missing[""Filtered""]","Missing[""Filtered""]","Missing[""Filtered""]","Missing[""Filtered""]","Missing[""Filtered""]","Missing[""Filtered""]","Missing[""Filtered""]","Missing[""Filtered""]","Missing[""Filtered""]","Missing[""Filtered""]","Missing[""Filtered""]","Missing[""Filtered""]","Missing[""Filtered""]","Missing[""Filtered""]","Missing[""Filtered""]","Missing[""Filtered""]","Missing[""Filtered""]","Missing[""Filtered""]","Missing[""Filtered""]","Missing[""Filtered""]","Missing[""Filtered""]","Missing[""Filtered""]","Missing[""Filtered""]","Missing[""Filtered""]"
"{0.05, 0.487724247122963}","{0.1, 0.5012890831726405}","{0.15000000000000002, 0.5188541075593878}","{0.2, 0.5398408042266424}","{0.25, 0.5637118448808569}","{0.3, 0.5899976516809075}","{0.35000000000000003, 0.6183030788042159}","{0.4, 0.6483028602569832}","{0.45, 0.6797322590998955}","{0.5, 0.7123766792445365}","{0.55, 0.7460620458654412}","{0.6000000000000001, 0.7806466162216599}","{0.6500000000000001, 0.816014309863912}","{0.7000000000000001, 0.8520694047396759}","{0.7500000000000001, 0.8887323711896468}","{0.8, 0.9259366170128573}","{0.8500000000000001, 0.9636259465734325}","Missing[""Filtered""]","Missing[""Filtered""]","Missing[""Filtered""]","Missing[""Filtered""]","Missing[""Filtered""]","Missing[""Filtered""]","Missing[""Filtered""]","Missing[""Filtered""]","Missing[""Filtered""]","Missing[""Filtered""]","Missing[""Filtered""]","Missing[""Filtered""]","Missing[""Filtered""]","Missing[""Filtered""]","Missing[""Filtered""]","Missing[""Filtered""]","Missing[""Filtered""]","Missing[""Filtered""]","Missing[""Filtered""]","Missing[""Filtered""]","Missing[""Filtered""]","Missing[""Filtered""]","Missing[""Filtered""]","Missing[""Filtered""]","Missing[""Filtered""]","Missing[""Filtered""]","Missing[""Filtered""]","Missing[""Filtered""]","Missing[""Filtered""]","Missing[""Filtered""]","Missing[""Filtered""]","Missing[""Filtered""]","Missing[""Filtered""]","Missing[""Filtered""]","Missing[""Filtered""]","Missing[""Filtered""]","Missing[""Filtered""]","Missing[""Filtered""]","Missing[""Filtered""]","Missing[""Filtered""]","Missing[""Filtered""]","Missing[""Filtered""]","Missing[""Filtered""]","Missing[""Filtered""]","Missing[""Filtered""]","Missing[""Filtered""]","Missing[""Filtered""]","Missing[""Filtered""]","Missing[""Filtered""]","Missing[""Filtered""]","Missing[""Filtered""]","Missing[""Filtered""]","Missing[""Filtered""]","Missing[""Filtered""]","Missing[""Filtered""]","Missing[""Filtered""]","Missing[""Filtered""]","Missing[""Filtered""]","Missing[""Filtered""]","Missing[""Filtered""]","Missing[""Filtered""]","Missing[""Filtered""]","Missing[""Filtered""]","Missing[""Filtered""]","Missing[""Filtered""]","Missing[""Filtered""]","Missing[""Filtered""]","Missing[""Filtered""]","Missing[""Filtered""]","Missing[""Filtered""]","Missing[""Filtered""]","Missing[""Filtered""]","Missing[""Filtered""]","Missing[""Filtered""]","Missing[""Filtered""]","Missing[""Filtered""]","Missing[""Filtered""]","Missing[""Filtered""]","Missing[""Filtered""]","Missing[""Filtered""]","Missing[""Filtered""]","Missing[""Filtered""]","Missing[""Filtered""]"
"{0.05, 0.2794621468148691}","{0.1, 0.28074860094840265}","{0.15000000000000002, 0.28646192055283876}","{0.2, 0.2961356317225078}","{0.25, 0.3091992767806784}","{0.3, 0.3250842054567026}","{0.35000000000000003, 0.34328501063906874}","{0.4, 0.3633810967246277}","{0.45, 0.3850347234153584}","{0.5, 0.4079791987772987}","{0.55, 0.43200498135832}","{0.6000000000000001, 0.456947063973301}","{0.6500000000000001, 0.48267465482365396}","{0.7000000000000001, 0.5090831449535409}","{0.7500000000000001, 0.5360880020439057}","{0.8, 0.5636201745449927}","{0.8500000000000001, 0.5916226397891184}","{0.9000000000000001, 0.6200478047047402}","{0.9500000000000001, 0.6488555381043714}","{1., 0.6780116706939419}","{1.05, 0.7074868425789274}","{1.1, 0.7372556103248503}","{1.1500000000000001, 0.7672957491660382}","{1.2000000000000002, 0.7975877030133868}","{1.2500000000000002, 0.8281141472626464}","{1.3, 0.8588596383686574}","{1.35, 0.8898103306844976}","{1.4000000000000001, 0.9209537458530815}","Missing[""Filtered""]","Missing[""Filtered""]","Missing[""Filtered""]","Missing[""Filtered""]","Missing[""Filtered""]","Missing[""Filtered""]","Missing[""Filtered""]","Missing[""Filtered""]","Missing[""Filtered""]","Missing[""Filtered""]","Missing[""Filtered""]","Missing[""Filtered""]","Missing[""Filtered""]","Missing[""Filtered""]","Missing[""Filtered""]","Missing[""Filtered""]","Missing[""Filtered""]","Missing[""Filtered""]","Missing[""Filtered""]","Missing[""Filtered""]","Missing[""Filtered""]","Missing[""Filtered""]","Missing[""Filtered""]","Missing[""Filtered""]","Missing[""Filtered""]","Missing[""Filtered""]","Missing[""Filtered""]","Missing[""Filtered""]","Missing[""Filtered""]","Missing[""Filtered""]","Missing[""Filtered""]","Missing[""Filtered""]","Missing[""Filtered""]","Missing[""Filtered""]","Missing[""Filtered""]","Missing[""Filtered""]","Missing[""Filtered""]","Missing[""Filtered""]","Missing[""Filtered""]","Missing[""Filtered""]","Missing[""Filtered""]","Missing[""Filtered""]","Missing[""Filtered""]","Missing[""Filtered""]","Missing[""Filtered""]","Missing[""Filtered""]","Missing[""Filtered""]","Missing[""Filtered""]","Missing[""Filtered""]","Missing[""Filtered""]","Missing[""Filtered""]","Missing[""Filtered""]","Missing[""Filtered""]","Missing[""Filtered""]","Missing[""Filtered""]","Missing[""Filtered""]","Missing[""Filtered""]","Missing[""Filtered""]","Missing[""Filtered""]","Missing[""Filtered""]","Missing[""Filtered""]","Missing[""Filtered""]","Missing[""Filtered""]","Missing[""Filtered""]","Missing[""Filtered""]","Missing[""Filtered""]","Missing[""Filtered""]","Missing[""Filtered""]","Missing[""Filtered""]","Missing[""Filtered""]","Missing[""Filtered""]","Missing[""Filtered""]"
"{0.05, 0.1856514549988228}","{0.1, 0.1806317838278431}","{0.15000000000000002, 0.1802716281926927}","{0.2, 0.18434543401428602}","{0.25, 0.19229537836961794}","{0.3, 0.20344121403272813}","{0.35000000000000003, 0.21714253974285774}","{0.4, 0.23286918161636022}","{0.45, 0.2502091021250526}","{0.5, 0.26885049659865057}","{0.55, 0.2885588409507845}","{0.6000000000000001, 0.30915681036914844}","{0.6500000000000001, 0.3305088132125746}","{0.7000000000000001, 0.35250968870004595}","{0.7500000000000001, 0.3750766146166623}","{0.8, 0.3981433403524627}","{0.8500000000000001, 0.42165606234081743}","{0.9000000000000001, 0.44557045053753114}","{0.9500000000000001, 0.46984948261124154}","{1., 0.49446184841494034}","{1.05, 0.519380760641728}","{1.1, 0.5445830577200775}","{1.1500000000000001, 0.5700485192272506}","{1.2000000000000002, 0.5957593375329516}","{1.2500000000000002, 0.6216997055360857}","{1.3, 0.6478554915815185}","{1.35, 0.6742139805161329}","{1.4000000000000001, 0.7007636654182922}","{1.4500000000000002, 0.7274940785213398}","{1.5000000000000002, 0.7543956527299199}","{1.55, 0.7814596072256756}","{1.6, 0.8086778522018314}","{1.6500000000000001, 0.8360429089111684}","{1.7000000000000002, 0.8635478420688387}","{1.7500000000000002, 0.8911862022980879}","{1.8, 0.9189519767987644}","{1.85, 0.9468395467953042}","{1.9000000000000001, 0.9748436506118326}","Missing[""Filtered""]","Missing[""Filtered""]","Missing[""Filtered""]","Missing[""Filtered""]","Missing[""Filtered""]","Missing[""Filtered""]","Missing[""Filtered""]","Missing[""Filtered""]","Missing[""Filtered""]","Missing[""Filtered""]","Missing[""Filtered""]","Missing[""Filtered""]","Missing[""Filtered""]","Missing[""Filtered""]","Missing[""Filtered""]","Missing[""Filtered""]","Missing[""Filtered""]","Missing[""Filtered""]","Missing[""Filtered""]","Missing[""Filtered""]","Missing[""Filtered""]","Missing[""Filtered""]","Missing[""Filtered""]","Missing[""Filtered""]","Missing[""Filtered""]","Missing[""Filtered""]","Missing[""Filtered""]","Missing[""Filtered""]","Missing[""Filtered""]","Missing[""Filtered""]","Missing[""Filtered""]","Missing[""Filtered""]","Missing[""Filtered""]","Missing[""Filtered""]","Missing[""Filtered""]","Missing[""Filtered""]","Missing[""Filtered""]","Missing[""Filtered""]","Missing[""Filtered""]","Missing[""Filtered""]","Missing[""Filtered""]","Missing[""Filtered""]","Missing[""Filtered""]","Missing[""Filtered""]","Missing[""Filtered""]","Missing[""Filtered""]","Missing[""Filtered""]","Missing[""Filtered""]","Missing[""Filtered""]","Missing[""Filtered""]","Missing[""Filtered""]","Missing[""Filtered""]","Missing[""Filtered""]","Missing[""Filtered""]","Missing[""Filtered""]","Missing[""Filtered""]","Missing[""Filtered""]","Missing[""Filtered""]","Missing[""Filtered""]","Missing[""Filtered""]","Missing[""Filtered""]","Missing[""Filtered""]"
"{0.05, 0.1336754199143958}","{0.1, 0.12462241342668552}","{0.15000000000000002, 0.1203589386005523}","{0.2, 0.12103350657379562}","{0.25, 0.12612522778240234}","{0.3, 0.13478614686996956}","{0.35000000000000003, 0.14618872816042225}","{0.4, 0.15967375152890476}","{0.45, 0.17475875861395035}","{0.5, 0.19110011728416992}","{0.55, 0.2084528051255648}","{0.6000000000000001, 0.22663957615085192}","{0.6500000000000001, 0.2455296010967811}","{0.7000000000000001, 0.2650241512699502}","{0.7500000000000001, 0.2850470506152542}","{0.8, 0.3055382585177008}","{0.8500000000000001, 0.3264494982138534}","{0.9000000000000001, 0.3477412309438941}","{0.9500000000000001, 0.36938052633950064}","{1., 0.39133953848769976}","{1.05, 0.41359439768653566}","{1.1, 0.4361243919475135}","{1.1500000000000001, 0.45891135352168577}","{1.2000000000000002, 0.4819391926105484}","{1.2500000000000002, 0.5051935382034108}","{1.3, 0.5286614579100084}","{1.35, 0.5523312367698833}","{1.4000000000000001, 0.5761922006130883}","{1.4500000000000002, 0.6002345734526773}","{1.5000000000000002, 0.6244493611508259}","{1.55, 0.648828255575588}","{1.6, 0.6733635548936683}","{1.6500000000000001, 0.6980480966885186}","{1.7000000000000002, 0.7228752013635513}","{1.7500000000000002, 0.747838623864259}","{1.8, 0.7729325121846611}","{1.85, 0.7981513714505258}","{1.9000000000000001, 0.823490032621973}","{1.9500000000000002, 0.8489436250506097}","{2., 0.8745075522757562}","{2.05, 0.9001774705611978}","{2.1, 0.9259492697656952}","{2.15, 0.9518190562133154}","{2.1999999999999997, 0.9777831372876716}","Missing[""Filtered""]","Missing[""Filtered""]","Missing[""Filtered""]","Missing[""Filtered""]","Missing[""Filtered""]","Missing[""Filtered""]","Missing[""Filtered""]","Missing[""Filtered""]","Missing[""Filtered""]","Missing[""Filtered""]","Missing[""Filtered""]","Missing[""Filtered""]","Missing[""Filtered""]","Missing[""Filtered""]","Missing[""Filtered""]","Missing[""Filtered""]","Missing[""Filtered""]","Missing[""Filtered""]","Missing[""Filtered""]","Missing[""Filtered""]","Missing[""Filtered""]","Missing[""Filtered""]","Missing[""Filtered""]","Missing[""Filtered""]","Missing[""Filtered""]","Missing[""Filtered""]","Missing[""Filtered""]","Missing[""Filtered""]","Missing[""Filtered""]","Missing[""Filtered""]","Missing[""Filtered""]","Missing[""Filtered""]","Missing[""Filtered""]","Missing[""Filtered""]","Missing[""Filtered""]","Missing[""Filtered""]","Missing[""Filtered""]","Missing[""Filtered""]","Missing[""Filtered""]","Missing[""Filtered""]","Missing[""Filtered""]","Missing[""Filtered""]","Missing[""Filtered""]","Missing[""Filtered""]","Missing[""Filtered""]","Missing[""Filtered""]","Missing[""Filtered""]","Missing[""Filtered""]","Missing[""Filtered""]","Missing[""Filtered""]","Missing[""Filtered""]","Missing[""Filtered""]","Missing[""Filtered""]","Missing[""Filtered""]","Missing[""Filtered""]","Missing[""Filtered""]"
"Missing[""Filtered""]","{0.1, 0.08907896602899476}","{0.15000000000000002, 0.08187538207260132}","{0.2, 0.08023156771413903}","{0.25, 0.08366939244405106}","{0.3, 0.09105283985258628}","{0.35000000000000003, 0.10129102100238274}","{0.4, 0.11358517958550424}","{0.45, 0.12740013029940503}","{0.5, 0.14238181792094162}","{0.55, 0.1582917401192197}","{0.6000000000000001, 0.17496446284503606}","{0.6500000000000001, 0.1922814854769431}","{0.7000000000000001, 0.21015520125697826}","{0.7500000000000001, 0.22851889416058638}","{0.8, 0.24732035740288213}","{0.8500000000000001, 0.2665177218529161}","{0.9000000000000001, 0.2860766627007626}","{0.9500000000000001, 0.3059684857478526}","{1., 0.32616878793466786}","{1.05, 0.34665650088942507}","{1.1, 0.3674131951462999}","{1.1500000000000001, 0.38842256511437717}","{1.2000000000000002, 0.4096700415751}","{1.2500000000000002, 0.43114249561988915}","{1.3, 0.45282800914430943}","{1.35, 0.4747156944723143}","{1.4000000000000001, 0.49679555072877374}","{1.4500000000000002, 0.519058348043756}","{1.5000000000000002, 0.5414955330862152}","{1.55, 0.564099151129077}","{1.6, 0.5868617810658591}","{1.6500000000000001, 0.609776480679685}","{1.7000000000000002, 0.6328367401092571}","{1.7500000000000002, 0.6560364419316452}","{1.8, 0.6793698266359989}","{1.85, 0.7028314625288711}","{1.9000000000000001, 0.7264162193140391}","{1.9500000000000002, 0.750119244744406}","{2., 0.7739359438628938}","{2.05, 0.7978619604418961}","{2.1, 0.8218931603033943}","{2.15, 0.8460256162589811}","{2.1999999999999997, 0.870255594454457}","{2.25, 0.8945795419397915}","{2.3, 0.9189940753144886}","{2.35, 0.9434959703218837}","{2.4, 0.9680821522850773}","{2.45, 0.9927496872930377}","Missing[""Filtered""]","Missing[""Filtered""]","Missing[""Filtered""]","Missing[""Filtered""]","Missing[""Filtered""]","Missing[""Filtered""]","Missing[""Filtered""]","Missing[""Filtered""]","Missing[""Filtered""]","Missing[""Filtered""]","Missing[""Filtered""]","Missing[""Filtered""]","Missing[""Filtered""]","Missing[""Filtered""]","Missing[""Filtered""]","Missing[""Filtered""]","Missing[""Filtered""]","Missing[""Filtered""]","Missing[""Filtered""]","Missing[""Filtered""]","Missing[""Filtered""]","Missing[""Filtered""]","Missing[""Filtered""]","Missing[""Filtered""]","Missing[""Filtered""]","Missing[""Filtered""]","Missing[""Filtered""]","Missing[""Filtered""]","Missing[""Filtered""]","Missing[""Filtered""]","Missing[""Filtered""]","Missing[""Filtered""]","Missing[""Filtered""]","Missing[""Filtered""]","Missing[""Filtered""]","Missing[""Filtered""]","Missing[""Filtered""]","Missing[""Filtered""]","Missing[""Filtered""]","Missing[""Filtered""]","Missing[""Filtered""]","Missing[""Filtered""]","Missing[""Filtered""]","Missing[""Filtered""]","Missing[""Filtered""]","Missing[""Filtered""]","Missing[""Filtered""]","Missing[""Filtered""]","Missing[""Filtered""]","Missing[""Filtered""]","Missing[""Filtered""]"
"{0.05, 0.0790028229396943}","{0.1, 0.06442297951769708}","{0.15000000000000002, 0.05467144373644428}","{0.2, 0.05133467751721951}","{0.25, 0.053943587091308774}","{0.3, 0.06084425130047734}","{0.35000000000000003, 0.07059898287581498}","{0.4, 0.082289020836976}","{0.45, 0.09536307788678343}","{0.5, 0.10948376228348972}","{0.55, 0.12443535603312415}","{0.6000000000000001, 0.14007320533175205}","{0.6500000000000001, 0.1562958235986863}","{0.7000000000000001, 0.17302902618770288}","Missing[""Filtered""]","{0.8, 0.20781437843969353}","{0.8500000000000001, 0.22578697536712722}","{0.9000000000000001, 0.24410503445514012}","{0.9500000000000001, 0.2627438161886202}","{1., 0.2816820583788439}","{1.05, 0.30090119875467575}","{1.1, 0.3203848150743717}","{1.1500000000000001, 0.3401182140023488}","{1.2000000000000002, 0.3600881237080366}","{1.2500000000000002, 0.38028246006819055}","{1.3, 0.40069014595550817}","{1.35, 0.4213009693982575}","{1.4000000000000001, 0.4421054706078392}","{1.4500000000000002, 0.46309485073401796}","{1.5000000000000002, 0.4842608971831843}","{1.55, 0.5055959217176271}","{1.6, 0.5270927085340861}","{1.6500000000000001, 0.5487444702232323}","{1.7000000000000002, 0.5705448100221124}","{1.7500000000000002, 0.5924876891457791}","{1.8, 0.6145673982614904}","{1.85, 0.6367785323758717}","{1.9000000000000001, 0.6591159685616229}","{1.9500000000000002, 0.6815748460690322}","{2., 0.704150548458565}","{2.05, 0.726838687461074}","{2.1, 0.7496350883268538}","{2.15, 0.7725357764677656}","{2.1999999999999997, 0.7955369652303758}","{2.25, 0.8186350446651521}","{2.3, 0.8418265711782619}","{2.35, 0.8651082579699897}","{2.4, 0.8884769661778509}","{2.45, 0.9119296966541964}","{2.5, 0.935463582317455}","{2.55, 0.9590758810242083}","{2.6, 0.9827639689157754}","Missing[""Filtered""]","Missing[""Filtered""]","Missing[""Filtered""]","Missing[""Filtered""]","Missing[""Filtered""]","Missing[""Filtered""]","Missing[""Filtered""]","Missing[""Filtered""]","Missing[""Filtered""]","Missing[""Filtered""]","Missing[""Filtered""]","Missing[""Filtered""]","Missing[""Filtered""]","Missing[""Filtered""]","Missing[""Filtered""]","Missing[""Filtered""]","Missing[""Filtered""]","Missing[""Filtered""]","Missing[""Filtered""]","Missing[""Filtered""]","Missing[""Filtered""]","Missing[""Filtered""]","Missing[""Filtered""]","Missing[""Filtered""]","Missing[""Filtered""]","Missing[""Filtered""]","Missing[""Filtered""]","Missing[""Filtered""]","Missing[""Filtered""]","Missing[""Filtered""]","Missing[""Filtered""]","Missing[""Filtered""]","Missing[""Filtered""]","Missing[""Filtered""]","Missing[""Filtered""]","Missing[""Filtered""]","Missing[""Filtered""]","Missing[""Filtered""]","Missing[""Filtered""]","Missing[""Filtered""]","Missing[""Filtered""]","Missing[""Filtered""]","Missing[""Filtered""]","Missing[""Filtered""]","Missing[""Filtered""]","Missing[""Filtered""]","Missing[""Filtered""]","Missing[""Filtered""]"
"{0.05, 0.06302014783725912}","{0.1, 0.04606510110822097}","{0.15000000000000002, 0.033769424526473815}","{0.2, 0.02919258948793424}","{0.25, 0.03171189705053234}","{0.3, 0.03873727029889662}","{0.35000000000000003, 0.04844688539313375}","{0.4, 0.059874903218665274}","{0.45, 0.07250709699238479}","{0.5, 0.08604994862578785}","{0.55, 0.10032296933476564}","{0.6000000000000001, 0.1152075506139219}","{0.6500000000000001, 0.1306211607592411}","Missing[""Filtered""]","{0.7500000000000001, 0.16280853791494335}","{0.8, 0.1794999810762261}","{0.8500000000000001, 0.1965481812463569}","{0.9000000000000001, 0.21392833525201704}","{0.9500000000000001, 0.23161921547439182}","{1., 0.2496023139916903}","{1.05, 0.2678612433528394}","{1.1, 0.28638130757346797}","{1.1500000000000001, 0.3051491885964548}","{1.2000000000000002, 0.3241527126580737}","{1.2500000000000002, 0.34338067296279334}","{1.3, 0.36282269270263584}","{1.35, 0.3824691174322406}","{1.4000000000000001, 0.40231092911609373}","{1.4500000000000002, 0.42233967639828274}","{1.5000000000000002, 0.44254741717847607}","{1.55, 0.4629266706452194}","{1.6, 0.48347037667025594}","{1.6500000000000001, 0.504171861004569}","{1.7000000000000002, 0.5250248051041077}","{1.7500000000000002, 0.546023219695354}","{1.8, 0.5671614213984232}","{1.85, 0.5884340118793813}","{1.9000000000000001, 0.6098358591187797}","{1.9500000000000002, 0.6313620804703319}","{2., 0.6530080272498517}","{2.05, 0.6747692706452537}","{2.1, 0.6966415887775965}","{2.15, 0.7186209547735954}","{2.1999999999999997, 0.7407035257339858}","{2.25, 0.7628856325009392}","{2.3, 0.7851637701428372}","{2.35, 0.8075345890867469}","{2.4, 0.8299948868387224}","{2.45, 0.8525416002400306}","{2.5, 0.8751717982139453}","{2.55, 0.8978826749631956}","{2.6, 0.920671543582702}","{2.65, 0.9435358300560475}","{2.7, 0.9664730676074096}","{2.75, 0.9894808913834408}","Missing[""Filtered""]","Missing[""Filtered""]","Missing[""Filtered""]","Missing[""Filtered""]","Missing[""Filtered""]","Missing[""Filtered""]","Missing[""Filtered""]","Missing[""Filtered""]","Missing[""Filtered""]","Missing[""Filtered""]","Missing[""Filtered""]","Missing[""Filtered""]","Missing[""Filtered""]","Missing[""Filtered""]","Missing[""Filtered""]","Missing[""Filtered""]","Missing[""Filtered""]","Missing[""Filtered""]","Missing[""Filtered""]","Missing[""Filtered""]","Missing[""Filtered""]","Missing[""Filtered""]","Missing[""Filtered""]","Missing[""Filtered""]","Missing[""Filtered""]","Missing[""Filtered""]","Missing[""Filtered""]","Missing[""Filtered""]","Missing[""Filtered""]","Missing[""Filtered""]","Missing[""Filtered""]","Missing[""Filtered""]","Missing[""Filtered""]","Missing[""Filtered""]","Missing[""Filtered""]","Missing[""Filtered""]","Missing[""Filtered""]","Missing[""Filtered""]","Missing[""Filtered""]","Missing[""Filtered""]","Missing[""Filtered""]","Missing[""Filtered""]","Missing[""Filtered""]","Missing[""Filtered""]","Missing[""Filtered""]"
"{0.05, 0.050928148882733275}","{0.1, 0.031497844694224696}","{0.15000000000000002, 0.016207482011016783}","{0.2, 0.010920166420645624}","{0.25, 0.014213647300443402}","{0.3, 0.02186651106953553}","{0.35000000000000003, 0.031810960371580405}","{0.4, 0.04317310077111664}","{0.45, 0.05553481383344681}","{0.5, 0.06866803851739318}","{0.55, 0.08243469631198047}","{0.6000000000000001, 0.09674406291934344}","{0.6500000000000001, 0.11153247888133788}","{0.7000000000000001, 0.1267527910677968}","{0.7500000000000001, 0.1423684561935718}","{0.8, 0.15835005734150936}","{0.8500000000000001, 0.17467315009841566}","{0.9000000000000001, 0.19131687970349687}","{0.9500000000000001, 0.20826306449154597}","{1., 0.22549557139964846}","{1.05, 0.24299987989535268}","{1.1, 0.26076277057270164}","{1.1500000000000001, 0.27877209806049535}","{1.2000000000000002, 0.2970166220612035}","{1.2500000000000002, 0.3154858791683839}","{1.3, 0.33417008374586216}","{1.35, 0.3530600498262642}","{1.4000000000000001, 0.37214712842716846}","{1.4500000000000002, 0.3914231563317731}","{1.5000000000000002, 0.4108804135105984}","{1.55, 0.43051158714531984}","{1.6, 0.450309740766944}","{1.6500000000000001, 0.4702682874118876}","{1.7000000000000002, 0.4903809659800104}","{1.7500000000000002, 0.5106418201816798}","{1.8, 0.5310451796087723}","{1.85, 0.5515856425733231}","{1.9000000000000001, 0.5722580604380031}","{1.9500000000000002, 0.593057523222582}","{2., 0.6139793463156024}","{2.05, 0.6350190581544993}","{2.1, 0.6561723887633776}","{2.15, 0.6774352590574932}","{2.1999999999999997, 0.6988037708388924}","{2.25, 0.7202741974196191}","{2.3, 0.7418429748183164}","{2.35, 0.7635066934835637}","{2.4, 0.7852620905032214}","{2.45, 0.8071060422639422}","{2.5, 0.8290355575290078}","{2.55, 0.8510477709058738}","{2.6, 0.8731399366776285}","{2.65, 0.8953094229748962}","{2.7, 0.9175537062666669}","{2.75, 0.9398703661503817}","{2.8, 0.9622570804230239}","{2.85, 0.9847116204163329}","Missing[""Filtered""]","Missing[""Filtered""]","Missing[""Filtered""]","Missing[""Filtered""]","Missing[""Filtered""]","Missing[""Filtered""]","Missing[""Filtered""]","Missing[""Filtered""]","Missing[""Filtered""]","Missing[""Filtered""]","Missing[""Filtered""]","Missing[""Filtered""]","Missing[""Filtered""]","Missing[""Filtered""]","Missing[""Filtered""]","Missing[""Filtered""]","Missing[""Filtered""]","Missing[""Filtered""]","Missing[""Filtered""]","Missing[""Filtered""]","Missing[""Filtered""]","Missing[""Filtered""]","Missing[""Filtered""]","Missing[""Filtered""]","Missing[""Filtered""]","Missing[""Filtered""]","Missing[""Filtered""]","Missing[""Filtered""]","Missing[""Filtered""]","Missing[""Filtered""]","Missing[""Filtered""]","Missing[""Filtered""]","Missing[""Filtered""]","Missing[""Filtered""]","Missing[""Filtered""]","Missing[""Filtered""]","Missing[""Filtered""]","Missing[""Filtered""]","Missing[""Filtered""]","Missing[""Filtered""]","Missing[""Filtered""]","Missing[""Filtered""]","Missing[""Filtered""]"
"{0.05, 0.04143252010299805}","{0.1, 0.019122454813326997}","Missing[""Filtered""]","Missing[""Filtered""]","Missing[""Filtered""]","{0.3, 0.00859777398744025}","{0.35000000000000003, 0.01893862952179667}","{0.4, 0.030339362588613746}","{0.45, 0.04252839570093381}","{0.5, 0.05535577741694808}","Missing[""Filtered""]","{0.6000000000000001, 0.08258169419238025}","Missing[""Filtered""]","Missing[""Filtered""]","{0.7500000000000001, 0.1266205385121034}","{0.8, 0.14202990456607556}","{0.8500000000000001, 0.15776781397908188}","{0.9000000000000001, 0.17381681435497495}","{0.9500000000000001, 0.1901613409997079}","Missing[""Filtered""]","{1.05, 0.22368176656011168}","{1.1, 0.24083279261841817}","{1.1500000000000001, 0.2582292369693551}","{1.2000000000000002, 0.2758606601865711}","{1.2500000000000002, 0.2937172366506029}","{1.3, 0.31178968769031523}","{1.35, 0.33006922864714205}","{1.4000000000000001, 0.3485475260518189}","{1.4500000000000002, 0.36721666223697186}","{1.5000000000000002, 0.38606910548843526}","{1.55, 0.40509768437979565}","{1.6, 0.4242955653144126}","{1.6500000000000001, 0.4436562325673851}","{1.7000000000000002, 0.46317347031098094}","{1.7500000000000002, 0.4828413462434162}","{1.8, 0.5026541965392287}","{1.85, 0.5226066119103654}","{1.9000000000000001, 0.5426934246185698}","{1.9500000000000002, 0.5629096963171194}","{2., 0.5832507066272932}","{2.05, 0.60371194237505}","{2.1, 0.6242890874281095}","{2.15, 0.6449780130846211}","{2.1999999999999997, 0.6657747689726486}","{2.25, 0.6866755744258455}","{2.3, 0.7076768103052623}","{2.35, 0.7287750112407471}","{2.4, 0.749966858268129}","{2.45, 0.7712491718405178}","{2.5, 0.792618905193764}","{2.55, 0.8140731380476072}","{2.6, 0.8356090706251087}","{2.65, 0.857224017974128}","{2.7, 0.8789154045754141}","{2.75, 0.9006807592227124}","{2.8, 0.9225177101610821}","{2.85, 0.9444239804701787}","{2.9, 0.9663973836800704}","{2.95, 0.988435819607608}","Missing[""Filtered""]","Missing[""Filtered""]","Missing[""Filtered""]","Missing[""Filtered""]","Missing[""Filtered""]","Missing[""Filtered""]","Missing[""Filtered""]","Missing[""Filtered""]","Missing[""Filtered""]","Missing[""Filtered""]","Missing[""Filtered""]","Missing[""Filtered""]","Missing[""Filtered""]","Missing[""Filtered""]","Missing[""Filtered""]","Missing[""Filtered""]","Missing[""Filtered""]","Missing[""Filtered""]","Missing[""Filtered""]","Missing[""Filtered""]","Missing[""Filtered""]","Missing[""Filtered""]","Missing[""Filtered""]","Missing[""Filtered""]","Missing[""Filtered""]","Missing[""Filtered""]","Missing[""Filtered""]","Missing[""Filtered""]","Missing[""Filtered""]","Missing[""Filtered""]","Missing[""Filtered""]","Missing[""Filtered""]","Missing[""Filtered""]","Missing[""Filtered""]","Missing[""Filtered""]","Missing[""Filtered""]","Missing[""Filtered""]","Missing[""Filtered""]","Missing[""Filtered""]","Missing[""Filtered""]","Missing[""Filtered""]"
"{0.05, 0.033741339091089166}","Missing[""Filtered""]","Missing[""Filtered""]","Missing[""Filtered""]","Missing[""Filtered""]","Missing[""Filtered""]","{0.35000000000000003, 0.008744611734786552}","{0.4, 0.020231312322700177}","{0.45, 0.032302850052130586}","{0.5, 0.0448909741270008}","Missing[""Filtered""]","{0.6000000000000001, 0.07142756193459021}","{0.6500000000000001, 0.08530728403610009}","{0.7000000000000001, 0.0995596885150655}","{0.7500000000000001, 0.11416383372055625}","Missing[""Filtered""]","{0.8500000000000001, 0.144356795114279}","{0.9000000000000001, 0.15991498143274685}","{0.9500000000000001, 0.17576280628328447}","Missing[""Filtered""]","{1.05, 0.20827879290700438}","{1.1, 0.22492455206711395}","{1.1500000000000001, 0.24181493196870796}","{1.2000000000000002, 0.2589401874704125}","{1.2500000000000002, 0.27629104705185403}","{1.3, 0.29385867328752263}","{1.35, 0.3116346312848119}","{1.4000000000000001, 0.32961086278462426}","{1.4500000000000002, 0.3477796643170881}","{1.5000000000000002, 0.36613366828797966}","{1.55, 0.3846658262091558}","{1.6, 0.4033693935230287}","{1.6500000000000001, 0.42223791563734137}","{1.7000000000000002, 0.4412652149032169}","{1.7500000000000002, 0.4604453783512331}","{1.8, 0.4797727460575384}","{1.85, 0.4992419000517112}","{1.9000000000000001, 0.5188476537055831}","{1.9500000000000002, 0.53858504156097}","{2., 0.5584493095669198}","{2.05, 0.578435905705434}","{2.1, 0.5985404709900793}","{2.15, 0.6187588308251031}","{2.1999999999999997, 0.6390869867148908}","{2.25, 0.6595211083143642}","{2.3, 0.6800575258116002}","{2.35, 0.7006927226339407}","{2.4, 0.7214233284687619}","{2.45, 0.7422461125899107}","{2.5, 0.7631579774804889}","{2.55, 0.7841559527425068}","{2.6, 0.8052371892836905}","{2.65, 0.8263989537716162}","{2.7, 0.8476386233452307}","{2.75, 0.8689536805738451}","{2.8, 0.8903417086536507}","{2.85, 0.9118003868320148}","{2.9, 0.9333274860498058}","{2.95, 0.9549208647923121}","{3., 0.9765784651394337}","{3.05, 0.9982983090061119}","Missing[""Filtered""]","Missing[""Filtered""]","Missing[""Filtered""]","Missing[""Filtered""]","Missing[""Filtered""]","Missing[""Filtered""]","Missing[""Filtered""]","Missing[""Filtered""]","Missing[""Filtered""]","Missing[""Filtered""]","Missing[""Filtered""]","Missing[""Filtered""]","Missing[""Filtered""]","Missing[""Filtered""]","Missing[""Filtered""]","Missing[""Filtered""]","Missing[""Filtered""]","Missing[""Filtered""]","Missing[""Filtered""]","Missing[""Filtered""]","Missing[""Filtered""]","Missing[""Filtered""]","Missing[""Filtered""]","Missing[""Filtered""]","Missing[""Filtered""]","Missing[""Filtered""]","Missing[""Filtered""]","Missing[""Filtered""]","Missing[""Filtered""]","Missing[""Filtered""]","Missing[""Filtered""]","Missing[""Filtered""]","Missing[""Filtered""]","Missing[""Filtered""]","Missing[""Filtered""]","Missing[""Filtered""]","Missing[""Filtered""]","Missing[""Filtered""]","Missing[""Filtered""]"
"{0.05, 0.02734363239978787}","Missing[""Filtered""]","Missing[""Filtered""]","Missing[""Filtered""]","Missing[""Filtered""]","Missing[""Filtered""]","{0.35000000000000003, 0.0005193273595443732}","{0.4, 0.0121056404457496}","{0.45, 0.02409050439851627}","Missing[""Filtered""]","{0.55, 0.04927508113585794}","Missing[""Filtered""]","Missing[""Filtered""]","{0.7000000000000001, 0.08987239600815537}","{0.7500000000000001, 0.10409375150663361}","{0.8, 0.11863588721362124}","{0.8500000000000001, 0.13348601175844396}","{0.9000000000000001, 0.14863209174876946}","{0.9500000000000001, 0.16406273708363747}","{1., 0.17976711177120946}","{1.05, 0.19573486691427144}","{1.1, 0.2119560910889609}","{1.1500000000000001, 0.22842127366529957}","{1.2000000000000002, 0.2451212774366104}","{1.2500000000000002, 0.2620473177734761}","{1.3, 0.27919094624543966}","{1.35, 0.29654403722994604}","{1.4000000000000001, 0.3140987764654922}","{1.4500000000000002, 0.33184765082981077}","{1.5000000000000002, 0.34978343885900254}","{1.55, 0.3678992016917772}","{1.6, 0.38618827424137125}","{1.6500000000000001, 0.40464425647988117}","{1.7000000000000002, 0.42326100477554324}","{1.7500000000000002, 0.4420326232603572}","{1.8, 0.4609534552290887}","{1.85, 0.4800180745847218}","{1.9000000000000001, 0.49922127735324473}","{1.9500000000000002, 0.5185580732939006}","{2., 0.538023677631464}","{2.05, 0.5576135029357431}","{2.1, 0.5773231511710364}","{2.15, 0.5971484059351849}","{2.1999999999999997, 0.6170852249046488}","{2.25, 0.6371297324987532}","{2.3, 0.6572782127731578}","{2.35, 0.6775271025497195}","{2.4, 0.6978729847873674}","{2.45, 0.718312582196286}","{2.5, 0.738842751095755}","{2.55, 0.7594604755142996}","{2.6, 0.7801628615293268}","{2.65, 0.800947131842325}","{2.7, 0.8218106205846897}","{2.75, 0.8427507683484462}","{2.8, 0.8637651174356192}","{2.85, 0.8848513073194848}","{2.9, 0.9060070703106451}","{2.95, 0.9272302274206609}","{3., 0.9485186844158282}","{3.05, 0.9698704280536814}","{3.1, 0.9912835224947981}","Missing[""Filtered""]","Missing[""Filtered""]","Missing[""Filtered""]","Missing[""Filtered""]","Missing[""Filtered""]","Missing[""Filtered""]","Missing[""Filtered""]","Missing[""Filtered""]","Missing[""Filtered""]","Missing[""Filtered""]","Missing[""Filtered""]","Missing[""Filtered""]","Missing[""Filtered""]","Missing[""Filtered""]","Missing[""Filtered""]","Missing[""Filtered""]","Missing[""Filtered""]","Missing[""Filtered""]","Missing[""Filtered""]","Missing[""Filtered""]","Missing[""Filtered""]","Missing[""Filtered""]","Missing[""Filtered""]","Missing[""Filtered""]","Missing[""Filtered""]","Missing[""Filtered""]","Missing[""Filtered""]","Missing[""Filtered""]","Missing[""Filtered""]","Missing[""Filtered""]","Missing[""Filtered""]","Missing[""Filtered""]","Missing[""Filtered""]","Missing[""Filtered""]","Missing[""Filtered""]","Missing[""Filtered""]","Missing[""Filtered""]","Missing[""Filtered""]"
"{0.05, 0.02189392155529943}","Missing[""Filtered""]","Missing[""Filtered""]","Missing[""Filtered""]","Missing[""Filtered""]","Missing[""Filtered""]","Missing[""Filtered""]","{0.4, 0.00545936834689131}","{0.45, 0.017374742485003796}","{0.5, 0.029604751869353844}","{0.55, 0.04217325283553806}","{0.6000000000000001, 0.05508354858324687}","{0.6500000000000001, 0.06833086408377959}","{0.7000000000000001, 0.0819071316308687}","Missing[""Filtered""]","{0.8, 0.11000848935751509}","{0.8500000000000001, 0.1245137589367127}","{0.9000000000000001, 0.13930888943197775}","{0.9500000000000001, 0.15438415809587758}","{1., 0.169730038775098}","{1.05, 0.18533722233710145}","{1.1, 0.20119662867977578}","{1.1500000000000001, 0.21729941476998235}","{1.2000000000000002, 0.23363698055918697}","{1.2500000000000002, 0.25020097347224174}","{1.3, 0.2669832916852407}","{1.35, 0.2839760862353208}","{1.4000000000000001, 0.30117176196629997}","{1.4500000000000002, 0.3185629773274782}","{1.5000000000000002, 0.336142643071484}","{1.55, 0.35390391992470377}","{1.6, 0.3718402153247261}","{1.6500000000000001, 0.38994517933225226}","{1.7000000000000002, 0.40821269983071684}","{1.7500000000000002, 0.42663689712704395}","{1.8, 0.44521211806292454}","{1.85, 0.4639329297391572}","{1.9000000000000001, 0.48279411294701174}","{1.9500000000000002, 0.5017906553911862}","{2., 0.5209177447790974}","{2.05, 0.5401707618418553}","{2.1, 0.5595452733430167}","{2.15, 0.5790370251229153}","{2.1999999999999997, 0.5986419352185197}","{2.25, 0.6183560870918836}","{2.3, 0.6381757229940673}","{2.35, 0.6580972374859192}","{2.4, 0.6781171711324444}","{2.45, 0.6982322043832738}","{2.5, 0.7184391516483338}","{2.55, 0.7387349555747552}","{2.6, 0.7591166815285559}","{2.65, 0.7795815122824941}","{2.7, 0.8001267429097825}","{2.75, 0.8207497758817895}","{2.8, 0.8414481163669016}","{2.85, 0.8622193677264588}","{2.9, 0.8830612272032935}","{2.95, 0.9039714817975251}","{3., 0.9249480043240453}","{3.05, 0.945988749645693}","{3.1, 0.9670917510760161}","{3.15, 0.9882551169453118}","Missing[""Filtered""]","Missing[""Filtered""]","Missing[""Filtered""]","Missing[""Filtered""]","Missing[""Filtered""]","Missing[""Filtered""]","Missing[""Filtered""]","Missing[""Filtered""]","Missing[""Filtered""]","Missing[""Filtered""]","Missing[""Filtered""]","Missing[""Filtered""]","Missing[""Filtered""]","Missing[""Filtered""]","Missing[""Filtered""]","Missing[""Filtered""]","Missing[""Filtered""]","Missing[""Filtered""]","Missing[""Filtered""]","Missing[""Filtered""]","Missing[""Filtered""]","Missing[""Filtered""]","Missing[""Filtered""]","Missing[""Filtered""]","Missing[""Filtered""]","Missing[""Filtered""]","Missing[""Filtered""]","Missing[""Filtered""]","Missing[""Filtered""]","Missing[""Filtered""]","Missing[""Filtered""]","Missing[""Filtered""]","Missing[""Filtered""]","Missing[""Filtered""]","Missing[""Filtered""]","Missing[""Filtered""]","Missing[""Filtered""]"
"{0.05, 0.017147802955865477}","Missing[""Filtered""]","Missing[""Filtered""]","Missing[""Filtered""]","Missing[""Filtered""]","Missing[""Filtered""]","Missing[""Filtered""]","Missing[""Filtered""]","{0.45, 0.011796818307873734}","{0.5, 0.023886277327481095}","{0.55, 0.03626336476782014}","{0.6000000000000001, 0.048948009224933746}","{0.6500000000000001, 0.06194556041652888}","{0.7000000000000001, 0.07525456374271514}","{0.7500000000000001, 0.08887018955748434}","{0.8, 0.10278585630548157}","{0.8500000000000001, 0.11699404674881361}","{0.9000000000000001, 0.13148674259234586}","{0.9500000000000001, 0.14625566983226007}","{1., 0.16129244604680526}","{1.05, 0.17658867459304264}","{1.1, 0.1921360086028791}","{1.1500000000000001, 0.20792619678182198}","{1.2000000000000002, 0.22395111749545615}","{1.2500000000000002, 0.24020280477174052}","{1.3, 0.25667346834167293}","{1.35, 0.27335550903422207}","{1.4000000000000001, 0.29024153040121614}","{1.4500000000000002, 0.30732434720116913}","{1.5000000000000002, 0.32459699122733565}","{1.55, 0.3420527148762207}","{1.6, 0.3596849927931026}","{1.6500000000000001, 0.3774875218871474}","{1.7000000000000002, 0.39545421997349334}","{1.7500000000000002, 0.41357922326974833}","{1.8, 0.43185688294761926}","{1.85, 0.4502817609163712}","{1.9000000000000001, 0.468848624992818}","{1.9500000000000002, 0.48755244359253747}","{2., 0.5063883800588607}","{2.05, 0.5253517867298122}","{2.1, 0.5444381988285288}","{2.15, 0.5636433282496099}","{2.1999999999999997, 0.5829630573023213}","{2.25, 0.602393432461495}","{2.3, 0.6219306581679932}","{2.35, 0.6415710907130748}","{2.4, 0.6613112322341654}","{2.45, 0.6811477248440218}","{2.5, 0.7010773449102061}","{2.55, 0.7210969974977629}","{2.6, 0.7412037109844012}","{2.65, 0.7613946318545358}","{2.7, 0.7816670196760775}","{2.75, 0.8020182422617753}","{2.8, 0.8224457710152353}","{2.85, 0.8429471764603338}","{2.9, 0.8635201239516401}","{2.95, 0.8841623695625268}","{3., 0.9048717561469584}","{3.05, 0.9256462095704384}","{3.1, 0.9464837351050877}","{3.15, 0.9673824139836343}","{3.2, 0.9883404001068565}","Missing[""Filtered""]","Missing[""Filtered""]","Missing[""Filtered""]","Missing[""Filtered""]","Missing[""Filtered""]","Missing[""Filtered""]","Missing[""Filtered""]","Missing[""Filtered""]","Missing[""Filtered""]","Missing[""Filtered""]","Missing[""Filtered""]","Missing[""Filtered""]","Missing[""Filtered""]","Missing[""Filtered""]","Missing[""Filtered""]","Missing[""Filtered""]","Missing[""Filtered""]","Missing[""Filtered""]","Missing[""Filtered""]","Missing[""Filtered""]","Missing[""Filtered""]","Missing[""Filtered""]","Missing[""Filtered""]","Missing[""Filtered""]","Missing[""Filtered""]","Missing[""Filtered""]","Missing[""Filtered""]","Missing[""Filtered""]","Missing[""Filtered""]","Missing[""Filtered""]","Missing[""Filtered""]","Missing[""Filtered""]","Missing[""Filtered""]","Missing[""Filtered""]","Missing[""Filtered""]","Missing[""Filtered""]"
"{0.05, 0.012923376111765628}","Missing[""Filtered""]","Missing[""Filtered""]","Missing[""Filtered""]","Missing[""Filtered""]","Missing[""Filtered""]","Missing[""Filtered""]","Missing[""Filtered""]","Missing[""Filtered""]","{0.5, 0.019067331902679223}","Missing[""Filtered""]","{0.6000000000000001, 0.04376604274111442}","{0.6500000000000001, 0.05654643800460943}","{0.7000000000000001, 0.06962306254691153}","{0.7500000000000001, 0.08299500211093402}","{0.8, 0.09665850308919009}","{0.8500000000000001, 0.11060816070896692}","{0.9000000000000001, 0.12483757627558872}","{0.9500000000000001, 0.13933974232769755}","{1., 0.1541072815597417}","{1.05, 0.1691326034285496}","{1.1, 0.18440801215838684}","{1.1500000000000001, 0.19992578455814156}","{1.2000000000000002, 0.21567822805914227}","{1.2500000000000002, 0.2316577250756307}","{1.3, 0.24785676741399132}","{1.35, 0.2642679831138789}","{1.4000000000000001, 0.2808841573254325}","{1.4500000000000002, 0.2976982483614698}","{1.5000000000000002, 0.3147033997755775}","{1.55, 0.3318929491307656}","{1.6, 0.349260433996725}","{1.6500000000000001, 0.366799595622737}","{1.7000000000000002, 0.38450438066434794}","{1.7500000000000002, 0.40236894128702905}","{1.8, 0.4203876339249292}","{1.85, 0.43855501693446525}","{1.9000000000000001, 0.45686584734952657}","{1.9500000000000002, 0.4753150769162585}","{2., 0.4938978475602653}","{2.05, 0.5126094864169143}","{2.1, 0.5314455005361204}","{2.15, 0.5504015713559831}","{2.1999999999999997, 0.56947354902483}","{2.25, 0.5886574466384243}","{2.3, 0.6079494344477795}","{2.35, 0.6273458340834994}","{2.4, 0.6468431128341137}","{2.45, 0.6664378780088348}","{2.5, 0.6861268714089992}","{2.55, 0.7059069639272342}","{2.6, 0.7257751502890661}","{2.65, 0.7457285439478192}","{2.7, 0.7657643721406819}","{2.75, 0.7858799711110189}","{2.8, 0.80607278149997}","{2.85, 0.8263403439085102}","{2.9, 0.846680294629629}","{2.95, 0.8670903615491499}","{3., 0.8875683602127031}","{3.05, 0.9081121900555971}","{3.1, 0.9287198307917323}","{3.15, 0.9493893389572415}","{3.2, 0.9701188446041993}","{3.25, 0.9909065481395147}","Missing[""Filtered""]","Missing[""Filtered""]","Missing[""Filtered""]","Missing[""Filtered""]","Missing[""Filtered""]","Missing[""Filtered""]","Missing[""Filtered""]","Missing[""Filtered""]","Missing[""Filtered""]","Missing[""Filtered""]","Missing[""Filtered""]","Missing[""Filtered""]","Missing[""Filtered""]","Missing[""Filtered""]","Missing[""Filtered""]","Missing[""Filtered""]","Missing[""Filtered""]","Missing[""Filtered""]","Missing[""Filtered""]","Missing[""Filtered""]","Missing[""Filtered""]","Missing[""Filtered""]","Missing[""Filtered""]","Missing[""Filtered""]","Missing[""Filtered""]","Missing[""Filtered""]","Missing[""Filtered""]","Missing[""Filtered""]","Missing[""Filtered""]","Missing[""Filtered""]","Missing[""Filtered""]","Missing[""Filtered""]","Missing[""Filtered""]","Missing[""Filtered""]","Missing[""Filtered""]"
"{0.05, 0.009075651053657072}","Missing[""Filtered""]","Missing[""Filtered""]","Missing[""Filtered""]","Missing[""Filtered""]","Missing[""Filtered""]","Missing[""Filtered""]","Missing[""Filtered""]","{0.45, 0.0031005160525405953}","{0.5, 0.014957696106550553}","Missing[""Filtered""]","{0.6000000000000001, 0.039337233459959646}","{0.6500000000000001, 0.05192707947904136}","{0.7000000000000001, 0.06479983194596156}","{0.7500000000000001, 0.07795795235490213}","{0.8, 0.09140013676022186}","{0.8500000000000001, 0.10512281934454827}","{0.9000000000000001, 0.11912101859060042}","{0.9500000000000001, 0.133388841126157}","{1., 0.1479197984568599}","{1.05, 0.16270701659772857}","{1.1, 0.17774338151247915}","{1.1500000000000001, 0.19302164421944026}","{1.2000000000000002, 0.2085344993015933}","{1.2500000000000002, 0.22427464501773797}","{1.3, 0.24023483009554195}","{1.35, 0.25640789048849405}","{1.4000000000000001, 0.2727867783128351}","{1.4500000000000002, 0.2893645845305124}","{1.5000000000000002, 0.3061345565347445}","{1.55, 0.3230901115271703}","{1.6, 0.34022484639305484}","{1.6500000000000001, 0.3575325446510032}","{1.7000000000000002, 0.37500718095667623}","{1.7500000000000002, 0.3926429235647521}","{1.8, 0.41043413509282733}","{1.85, 0.4283753718809585}","{1.9000000000000001, 0.44646138219837644}","{1.9500000000000002, 0.4646871035128641}","{2., 0.4830476590072646}","{2.05, 0.5015383535006326}","{2.1, 0.5201546689082254}","{2.15, 0.5388922593542024}","{2.1999999999999997, 0.5577469460332972}","{2.25, 0.5767147119024723}","{2.3, 0.5957916962703104}","{2.35, 0.6149741893405678}","{2.4, 0.6342586267564285}","{2.45, 0.653641584183643}","{2.5, 0.6731197719635013}","{2.55, 0.6926900298604274}","{2.6, 0.7123493219238439}","Missing[""Filtered""]","{2.7, 0.7519234562608783}","{2.75, 0.7718328036915988}","{2.8, 0.791820186320031}","{2.85, 0.8118831174140291}","{2.9, 0.8320192067147794}","{2.95, 0.852226156350835}","{3., 0.872501756911133}","{3.05, 0.8928438836750188}","{3.1, 0.9132504929963998}","{3.15, 0.9337196188386897}","{3.2, 0.9542493694565708}","{3.25, 0.9748379242203552}","{3.3, 0.9954835305784485}","Missing[""Filtered""]","Missing[""Filtered""]","Missing[""Filtered""]","Missing[""Filtered""]","Missing[""Filtered""]","Missing[""Filtered""]","Missing[""Filtered""]","Missing[""Filtered""]","Missing[""Filtered""]","Missing[""Filtered""]","Missing[""Filtered""]","Missing[""Filtered""]","Missing[""Filtered""]","Missing[""Filtered""]","Missing[""Filtered""]","Missing[""Filtered""]","Missing[""Filtered""]","Missing[""Filtered""]","Missing[""Filtered""]","Missing[""Filtered""]","Missing[""Filtered""]","Missing[""Filtered""]","Missing[""Filtered""]","Missing[""Filtered""]","Missing[""Filtered""]","Missing[""Filtered""]","Missing[""Filtered""]","Missing[""Filtered""]","Missing[""Filtered""]","Missing[""Filtered""]","Missing[""Filtered""]","Missing[""Filtered""]","Missing[""Filtered""]","Missing[""Filtered""]"
"{0.05, 0.0054756529024380645}","Missing[""Filtered""]","Missing[""Filtered""]","Missing[""Filtered""]","Missing[""Filtered""]","Missing[""Filtered""]","Missing[""Filtered""]","Missing[""Filtered""]","Missing[""Filtered""]","{0.5, 0.011415994791737287}","{0.55, 0.02334915289250059}","{0.6000000000000001, 0.03551253592233558}","{0.6500000000000001, 0.04793384428603687}","{0.7000000000000001, 0.060626327230438114}","{0.7500000000000001, 0.07359537136995781}","{0.8, 0.08684180655242629}","{0.8500000000000001, 0.10036367719848163}","{0.9000000000000001, 0.11415724926059574}","{0.9500000000000001, 0.12821761521961916}","{1., 0.14253907719587178}","{1.05, 0.1571154018621096}","{1.1, 0.171939997896984}","{1.1500000000000001, 0.18700604447834557}","{1.2000000000000002, 0.20230658739033552}","{1.2500000000000002, 0.21783461272412327}","{1.3, 0.2335831044035404}","{1.35, 0.2495450895790966}","{1.4000000000000001, 0.2657136746233006}","{1.4500000000000002, 0.28208207365311144}","{1.5000000000000002, 0.2986436309931587}","{1.55, 0.31539183865693493}","{1.6, 0.33232034969395774}","{1.6500000000000001, 0.3494229880881747}","{1.7000000000000002, 0.36669375577270574}","{1.7500000000000002, 0.38412683723379193}","{1.8, 0.4017166021036154}","{1.85, 0.4194576060819392}","{1.9000000000000001, 0.4373445904767723}","{1.9500000000000002, 0.45537248061222646}","{2., 0.47353638331563375}","{2.05, 0.4918315836651974}","{2.1, 0.5102535411525595}","{2.15, 0.5287978853915907}","{2.1999999999999997, 0.5474604114846354}","{2.25, 0.5662370751401293}","{2.3, 0.585123987620469}","{2.35, 0.6041174105861492}","{2.4, 0.6232137508910012}","{2.45, 0.6424095553738317}","{2.5, 0.6617015056835789}","{2.55, 0.6810864131680945}","{2.6, 0.7005612138507016}","{2.65, 0.7201229635136163}","Missing[""Filtered""]","{2.75, 0.7594961030673745}","{2.8, 0.7793021608357658}","{2.85, 0.7991844944442512}","{2.9, 0.8191406893113582}","{2.95, 0.8391684239658465}","{3., 0.8592654661266527}","{3.05, 0.8794296689341088}","{3.1, 0.8996589673307467}","{3.15, 0.9199513745889857}","{3.2, 0.9403049789826013}","{3.25, 0.9607179405982993}","{3.3, 0.9811884882834218}","Missing[""Filtered""]","Missing[""Filtered""]","Missing[""Filtered""]","Missing[""Filtered""]","Missing[""Filtered""]","Missing[""Filtered""]","Missing[""Filtered""]","Missing[""Filtered""]","Missing[""Filtered""]","Missing[""Filtered""]","Missing[""Filtered""]","Missing[""Filtered""]","Missing[""Filtered""]","Missing[""Filtered""]","Missing[""Filtered""]","Missing[""Filtered""]","Missing[""Filtered""]","Missing[""Filtered""]","Missing[""Filtered""]","Missing[""Filtered""]","Missing[""Filtered""]","Missing[""Filtered""]","Missing[""Filtered""]","Missing[""Filtered""]","Missing[""Filtered""]","Missing[""Filtered""]","Missing[""Filtered""]","Missing[""Filtered""]","Missing[""Filtered""]","Missing[""Filtered""]","Missing[""Filtered""]","Missing[""Filtered""]","Missing[""Filtered""]","Missing[""Filtered""]"
"{0.05, 0.0019844336479033667}","Missing[""Filtered""]","Missing[""Filtered""]","Missing[""Filtered""]","Missing[""Filtered""]","Missing[""Filtered""]","Missing[""Filtered""]","Missing[""Filtered""]","Missing[""Filtered""]","{0.5, 0.008335247182311604}","{0.55, 0.02015176862151585}","{0.6000000000000001, 0.03217905881657544}","{0.6500000000000001, 0.04445025582606157}","{0.7000000000000001, 0.05698223426566251}","Missing[""Filtered""]","{0.8, 0.0828550393813993}","{0.8500000000000001, 0.0961980277367172}","{0.9000000000000001, 0.10980926455422414}","{0.9500000000000001, 0.12368471966277453}","{1., 0.13781940234836512}","{1.05, 0.15220765514927798}","{1.1, 0.1668433588439968}","{1.1500000000000001, 0.18172008110326368}","{1.2000000000000002, 0.19683118780908573}","{1.2500000000000002, 0.21216992854626726}","{1.3, 0.22772950348061177}","{1.35, 0.24350311631626936}","{1.4000000000000001, 0.25948401650440406}","{1.4500000000000002, 0.2756655329339553}","{1.5000000000000002, 0.29204110073526207}","{1.55, 0.3086042824328263}","{1.6, 0.3253487844144887}","{1.6500000000000001, 0.3422684694942688}","{1.7000000000000002, 0.35935736620655817}","{1.7500000000000002, 0.3766096753628783}","{1.8, 0.39401977431880286}","{1.85, 0.41158221933081224}","{1.9000000000000001, 0.4292917463268271}","{1.9500000000000002, 0.4471432703670453}","{2., 0.4651318840315654}","{2.05, 0.4832528549369314}","{2.1, 0.5015016225540581}","{2.15, 0.5198737944744394}","{2.1999999999999997, 0.538365142249361}","{2.25, 0.5569715969076994}","{2.3, 0.5756892442413549}","{2.35, 0.5945143199330538}","{2.4, 0.6134432045889667}","{2.45, 0.6324724187280407}","{2.5, 0.6515986177707723}","{2.55, 0.670818587062527}","{2.6, 0.690129236959746}","{2.65, 0.7095275980018254}","{2.7, 0.7290108161866146}","Missing[""Filtered""]","{2.8, 0.7682209577543024}","{2.85, 0.7879427096104706}","{2.9, 0.8077389670103255}","{2.95, 0.827607386801098}","{3., 0.8475457156864412}","{3.05, 0.8675517864599096}","{3.1, 0.8876235143835371}","{3.15, 0.9077588937096592}","{3.2, 0.9279559943435549}","{3.25, 0.9482129586437748}","{3.3, 0.9685279983567239}","{3.35, 0.9888993916816239}","Missing[""Filtered""]","Missing[""Filtered""]","Missing[""Filtered""]","Missing[""Filtered""]","Missing[""Filtered""]","Missing[""Filtered""]","Missing[""Filtered""]","Missing[""Filtered""]","Missing[""Filtered""]","Missing[""Filtered""]","Missing[""Filtered""]","Missing[""Filtered""]","Missing[""Filtered""]","Missing[""Filtered""]","Missing[""Filtered""]","Missing[""Filtered""]","Missing[""Filtered""]","Missing[""Filtered""]","Missing[""Filtered""]","Missing[""Filtered""]","Missing[""Filtered""]","Missing[""Filtered""]","Missing[""Filtered""]","Missing[""Filtered""]","Missing[""Filtered""]","Missing[""Filtered""]","Missing[""Filtered""]","Missing[""Filtered""]","Missing[""Filtered""]","Missing[""Filtered""]","Missing[""Filtered""]","Missing[""Filtered""]","Missing[""Filtered""]"
"Missing[""Filtered""]","Missing[""Filtered""]","Missing[""Filtered""]","Missing[""Filtered""]","Missing[""Filtered""]","Missing[""Filtered""]","Missing[""Filtered""]","Missing[""Filtered""]","Missing[""Filtered""]","{0.5, 0.005633189607797525}","{0.55, 0.017344712099937643}","{0.6000000000000001, 0.029249890610726654}","{0.6500000000000001, 0.04138655986236272}","{0.7000000000000001, 0.053774750240223136}","Missing[""Filtered""]","{0.8, 0.0793405420313395}","{0.8500000000000001, 0.09252320789422183}","{0.9000000000000001, 0.10597098024329803}","{0.9500000000000001, 0.11968061388011525}","{1., 0.13364775387897043}","{1.05, 0.14786726295836955}","{1.1, 0.16233345028635604}","{1.1500000000000001, 0.17704023760765014}","{1.2000000000000002, 0.1919812837866521}","{1.2500000000000002, 0.20715008058518655}","{1.3, 0.22254002773402928}","{1.35, 0.23814449254735034}","{1.4000000000000001, 0.25395685762786036}","{1.4500000000000002, 0.2699705591533508}","{1.5000000000000002, 0.2861791175601747}","{1.55, 0.3025761619946567}","{1.6, 0.31915544960100817}","{1.6500000000000001, 0.3359108805010645}","{1.7000000000000002, 0.3528365091651485}","{1.7500000000000002, 0.36992655275531316}","{1.8, 0.3871753969295599}","{1.85, 0.4045775995213717}","{1.9000000000000001, 0.4221278924473638}","{1.9500000000000002, 0.4398211821447331}","{2., 0.4576525487964002}","{2.05, 0.4756172445646266}","{2.1, 0.49371069102165305}","{2.15, 0.5119284759382791}","{2.1999999999999997, 0.5302663495673194}","{2.25, 0.5487202205381245}","{2.3, 0.5672861514604434}","{2.35, 0.5859603543203823}","{2.4, 0.6047391857379554}","{2.45, 0.6236191421440728}","{2.5, 0.6425968549250921}","{2.55, 0.6616690855744801}","{2.6, 0.6808327208839569}","{2.65, 0.7000847682002761}","{2.7, 0.71942235076858}","{2.75, 0.7388427031787831}","Missing[""Filtered""]","{2.85, 0.7779211861063556}","{2.9, 0.7975743032196169}","{2.95, 0.8173001551423074}","{3., 0.8370964692150746}","{3.05, 0.8569610594809798}","{3.1, 0.8768918230628893}","{3.15, 0.8968867366806438}","{3.2, 0.916943853306179}","{3.25, 0.9370612989539961}","{3.3, 0.9572372696040848}","{3.35, 0.9774700282537306}","{3.4, 0.9977579020946188}","Missing[""Filtered""]","Missing[""Filtered""]","Missing[""Filtered""]","Missing[""Filtered""]","Missing[""Filtered""]","Missing[""Filtered""]","Missing[""Filtered""]","Missing[""Filtered""]","Missing[""Filtered""]","Missing[""Filtered""]","Missing[""Filtered""]","Missing[""Filtered""]","Missing[""Filtered""]","Missing[""Filtered""]","Missing[""Filtered""]","Missing[""Filtered""]","Missing[""Filtered""]","Missing[""Filtered""]","Missing[""Filtered""]","Missing[""Filtered""]","Missing[""Filtered""]","Missing[""Filtered""]","Missing[""Filtered""]","Missing[""Filtered""]","Missing[""Filtered""]","Missing[""Filtered""]","Missing[""Filtered""]","Missing[""Filtered""]","Missing[""Filtered""]","Missing[""Filtered""]","Missing[""Filtered""]","Missing[""Filtered""]"
"Missing[""Filtered""]","Missing[""Filtered""]","Missing[""Filtered""]","Missing[""Filtered""]","Missing[""Filtered""]","Missing[""Filtered""]","Missing[""Filtered""]","Missing[""Filtered""]","Missing[""Filtered""]","Missing[""Filtered""]","{0.55, 0.014862131428072353}","{0.6000000000000001, 0.02665713796729786}","{0.6500000000000001, 0.03867257777154788}","{0.7000000000000001, 0.05093124279264153}","{0.7500000000000001, 0.06344526647956653}","{0.8, 0.07622045331880152}","{0.8500000000000001, 0.08925864034255866}","{0.9000000000000001, 0.1025590610766708}","{0.9500000000000001, 0.11611917616895819}","{1., 0.1299352050449931}","{1.05, 0.1440024824375559}","{1.1, 0.1583157079104852}","{1.1500000000000001, 0.17286912721900413}","{1.2000000000000002, 0.1876566684112734}","{1.2500000000000002, 0.20267204662720145}","{1.3, 0.21790884638438576}","{1.35, 0.23336058708068327}","{1.4000000000000001, 0.24902077558443178}","{1.4500000000000002, 0.2648829486260012}","{1.5000000000000002, 0.2809407069640318}","{1.55, 0.29718774281242655}","{1.6, 0.31361786168286443}","{1.6500000000000001, 0.33022499956461027}","{1.7000000000000002, 0.3470032361937905}","{1.7500000000000002, 0.36394680503600757}","{1.8, 0.3810501005065054}","{1.85, 0.39830768287196067}","{1.9000000000000001, 0.4157142812123074}","{1.9500000000000002, 0.43326479476612806}","{2., 0.4509542929365711}","{2.05, 0.4687780141951175}","{2.1, 0.4867313640862126}","{2.15, 0.5048099125063297}","{2.1999999999999997, 0.5230093904054218}","{2.25, 0.5413256860366646}","{2.3, 0.5597548408611478}","{2.35, 0.5782930451977646}","{2.4, 0.5969366336940819}","{2.45, 0.6156820806817827}","{2.5, 0.6345259954696005}","{2.55, 0.653465117617592}","{2.6, 0.6724963122287589}","Missing[""Filtered""]","{2.7, 0.7108229790678677}","{2.75, 0.7301127676326552}","{2.8, 0.7494832524344552}","{2.85, 0.7689318580336149}","{2.9, 0.7884561079393325}","{2.95, 0.8080536205805865}","{3., 0.8277221054106862}","{3.05, 0.8474593591477192}","{3.1, 0.8672632621516786}","{3.15, 0.8871317749380548}","{3.2, 0.9070629348265157}","{3.25, 0.9270548527228493}","{3.3, 0.9471057100314482}","{3.35, 0.967213755695353}","{3.4, 0.987377303360465}","Missing[""Filtered""]","Missing[""Filtered""]","Missing[""Filtered""]","Missing[""Filtered""]","Missing[""Filtered""]","Missing[""Filtered""]","Missing[""Filtered""]","Missing[""Filtered""]","Missing[""Filtered""]","Missing[""Filtered""]","Missing[""Filtered""]","Missing[""Filtered""]","Missing[""Filtered""]","Missing[""Filtered""]","Missing[""Filtered""]","Missing[""Filtered""]","Missing[""Filtered""]","Missing[""Filtered""]","Missing[""Filtered""]","Missing[""Filtered""]","Missing[""Filtered""]","Missing[""Filtered""]","Missing[""Filtered""]","Missing[""Filtered""]","Missing[""Filtered""]","Missing[""Filtered""]","Missing[""Filtered""]","Missing[""Filtered""]","Missing[""Filtered""]","Missing[""Filtered""]","Missing[""Filtered""]","Missing[""Filtered""]"
"Missing[""Filtered""]","Missing[""Filtered""]","Missing[""Filtered""]","Missing[""Filtered""]","Missing[""Filtered""]","Missing[""Filtered""]","Missing[""Filtered""]","Missing[""Filtered""]","Missing[""Filtered""]","Missing[""Filtered""]","Missing[""Filtered""]","{0.6000000000000001, 0.011208556059088513}","{0.6500000000000001, 0.02245464330706958}","{0.7000000000000001, 0.03389254393080321}","{0.7500000000000001, 0.0455457062943591}","{0.8, 0.057428534841903314}","{0.8500000000000001, 0.06954960527598014}","{0.9000000000000001, 0.08191356059443017}","{0.9500000000000001, 0.09452228452945584}","{1., 0.10737566176111159}","{1.05, 0.12047209225906935}","{1.1, 0.1338088536999992}","{1.1500000000000001, 0.1473823664738651}","{1.2000000000000002, 0.16118839388329367}","{1.2500000000000002, 0.1752221976042944}","{1.3, 0.1894786611149482}","{1.35, 0.20395238937406274}","{1.4000000000000001, 0.21863779031443578}","{1.4500000000000002, 0.23352914201178337}","{1.5000000000000002, 0.24862064829969072}","{1.55, 0.2639064848867082}","{1.6, 0.27938083755220294}","{1.6500000000000001, 0.295037933666506}","{1.7000000000000002, 0.31087206804522644}","{1.7500000000000002, 0.32687762397361675}","{1.8, 0.3430490901048601}","{1.85, 0.3593810738316613}","{1.9000000000000001, 0.37586831164628215}","{1.9500000000000002, 0.3925056769339127}","{2., 0.40928818558492314}","{2.05, 0.42621099976072724}","{2.1, 0.4432694301034908}","{2.15, 0.46045893664182025}","{2.1999999999999997, 0.4777751286103198}","{2.25, 0.49521376337172207}","{2.3, 0.5127707446040548}","{2.35, 0.5304421198926429}","{2.4, 0.5482240778467448}","{2.45, 0.5661129448432711}","{2.5, 0.5841051814847499}","{2.55, 0.6021973788454438}","{2.6, 0.6203862545681881}","{2.65, 0.6386686488643559}","{2.7, 0.6570415204609502}","{2.75, 0.6755019425311912}","{2.8, 0.6940470986388578}","{2.85, 0.7126742787209022}","{2.9, 0.7313808751283745}","{2.95, 0.7501643787416268}","{3., 0.7690223751723619}","{3.05, 0.7879525410622367}","Missing[""Filtered""]","{3.15, 0.8260205214596118}","{3.2, 0.845154112571217}","{3.25, 0.8643514197130956}","{3.3, 0.8836105229395802}","{3.35, 0.9029295734362404}","{3.4, 0.9223067906045389}","{3.45, 0.9417404592596251}","{3.5, 0.9612289269392085}","{3.55, 0.9807706013211424}","Missing[""Filtered""]","Missing[""Filtered""]","Missing[""Filtered""]","Missing[""Filtered""]","Missing[""Filtered""]","Missing[""Filtered""]","Missing[""Filtered""]","Missing[""Filtered""]","Missing[""Filtered""]","Missing[""Filtered""]","Missing[""Filtered""]","Missing[""Filtered""]","Missing[""Filtered""]","Missing[""Filtered""]","Missing[""Filtered""]","Missing[""Filtered""]","Missing[""Filtered""]","Missing[""Filtered""]","Missing[""Filtered""]","Missing[""Filtered""]","Missing[""Filtered""]","Missing[""Filtered""]","Missing[""Filtered""]","Missing[""Filtered""]","Missing[""Filtered""]","Missing[""Filtered""]","Missing[""Filtered""]","Missing[""Filtered""]","Missing[""Filtered""]"
"Missing[""Filtered""]","Missing[""Filtered""]","Missing[""Filtered""]","Missing[""Filtered""]","Missing[""Filtered""]","Missing[""Filtered""]","Missing[""Filtered""]","Missing[""Filtered""]","Missing[""Filtered""]","Missing[""Filtered""]","Missing[""Filtered""]","{0.6000000000000001, 0.004120942249536664}","{0.6500000000000001, 0.014983445981861425}","{0.7000000000000001, 0.026012909680388635}","{0.7500000000000001, 0.037237600116339295}","{0.8, 0.048675735051106644}","{0.8500000000000001, 0.06033898327492848}","{0.9000000000000001, 0.07223454876805675}","{0.9500000000000001, 0.08436646967764755}","{1., 0.09673646403069668}","{1.05, 0.10934450389571779}","{1.1, 0.12218922101063712}","{1.1500000000000001, 0.13526820412859858}","{1.2000000000000002, 0.14857822433265555}","{1.2500000000000002, 0.16211541071502822}","{1.3, 0.17587539061802693}","{1.35, 0.18985340367537407}","{1.4000000000000001, 0.20404439583456338}","{1.4500000000000002, 0.2184430976200851}","{1.5000000000000002, 0.23304408966881107}","{1.55, 0.24784185776827888}","{1.6, 0.26283083909572763}","{1.6500000000000001, 0.2780054609920782}","{1.7000000000000002, 0.29336017335014875}","{1.7500000000000002, 0.3088894755112262}","{1.8, 0.32458793842537675}","{1.85, 0.3404502227227896}","{1.9000000000000001, 0.3564710932563901}","{1.9500000000000002, 0.37264543060410465}","{2., 0.3889682399577782}","{2.05, 0.40543465777309917}","{2.1, 0.42203995650864895}","{2.15, 0.43877954774147787}","{2.1999999999999997, 0.45564898391048714}","{2.25, 0.4726439589070003}","{2.3, 0.48976030770345086}","{2.35, 0.506994005185875}","{2.4, 0.5243411643336723}","{2.45, 0.5417980338704049}","{2.5, 0.5593609954919662}","{2.55, 0.5770265607633704}","{2.6, 0.5947913677618986}","{2.65, 0.6126521775327334}","{2.7, 0.6306058704131301}","{2.75, 0.64864944227216}","{2.8, 0.6667800007056512}","{2.85, 0.684994761219008}","{2.9, 0.703291043425286}","{2.95, 0.7216662672806274}","{3., 0.7401179493751949}","{3.05, 0.7586436992941163}","{3.1, 0.7772412160597715}","{3.15, 0.7959082846642943}","{3.2, 0.8146427726988743}","{3.25, 0.8334426270847193}","{3.3, 0.852305870908752}","{3.35, 0.8712306003660202}","{3.4, 0.8902149818096919}","{3.45, 0.9092572489084368}","{3.5, 0.9283556999106287}","{3.55, 0.9475086950136811}","{3.6, 0.9667146538369122}","{3.65, 0.985972052995617}","Missing[""Filtered""]","Missing[""Filtered""]","Missing[""Filtered""]","Missing[""Filtered""]","Missing[""Filtered""]","Missing[""Filtered""]","Missing[""Filtered""]","Missing[""Filtered""]","Missing[""Filtered""]","Missing[""Filtered""]","Missing[""Filtered""]","Missing[""Filtered""]","Missing[""Filtered""]","Missing[""Filtered""]","Missing[""Filtered""]","Missing[""Filtered""]","Missing[""Filtered""]","Missing[""Filtered""]","Missing[""Filtered""]","Missing[""Filtered""]","Missing[""Filtered""]","Missing[""Filtered""]","Missing[""Filtered""]","Missing[""Filtered""]","Missing[""Filtered""]","Missing[""Filtered""]","Missing[""Filtered""]"
"Missing[""Filtered""]","Missing[""Filtered""]","Missing[""Filtered""]","Missing[""Filtered""]","Missing[""Filtered""]","Missing[""Filtered""]","Missing[""Filtered""]","Missing[""Filtered""]","Missing[""Filtered""]","Missing[""Filtered""]","Missing[""Filtered""]","{0.6000000000000001, 0.00007246203379786822}","{0.6500000000000001, 0.01070611371724082}","{0.7000000000000001, 0.021492089616583842}","{0.7500000000000001, 0.03246126423484746}","{0.8, 0.04363397235214637}","{0.8500000000000001, 0.055023636551427134}","{0.9000000000000001, 0.06663893993298227}","{0.9500000000000001, 0.07848518589412494}","{1., 0.09056518590825782}","{1.05, 0.10287986335138459}","{1.1, 0.11542868063935545}","{1.1500000000000001, 0.12820995271969562}","{1.2000000000000002, 0.14122108498847907}","{1.2500000000000002, 0.15445875920589885}","{1.3, 0.1679190823649427}","{1.35, 0.18159770823380486}","{1.4000000000000001, 0.195489938056156}","{1.4500000000000002, 0.20959080485701756}","{1.5000000000000002, 0.2238951445009042}","{1.55, 0.23839765580296512}","{1.6, 0.2530929514341384}","{1.6500000000000001, 0.2679756009825061}","{1.7000000000000002, 0.28304016727018055}","{1.7500000000000002, 0.2982812368366001}","{1.8, 0.3136934453593665}","{1.85, 0.32927149867610384}","{1.9000000000000001, 0.3450101899846951}","{1.9500000000000002, 0.3609044137281422}","{2., 0.376949176609916}","{2.05, 0.3931396061331965}","{2.1, 0.40947095701123515}","{2.15, 0.42593861575522823}","{2.1999999999999997, 0.4425381037092559}","{2.25, 0.4592650787692278}","{2.3, 0.47611533599330447}","{2.35, 0.49308480728507414}","{2.4, 0.5101695603072695}","{2.45, 0.5273657967630071}","{2.5, 0.5446698501630787}","{2.55, 0.5620781831812769}","{2.6, 0.5795873846855334}","{2.65, 0.597194166519838}","{2.7, 0.6148953601008273}","{2.75, 0.6326879128832525}","{2.8, 0.6505688847399277}","{2.85, 0.668535444294824}","{2.9, 0.6865848652409626}","{2.95, 0.7047145226700083}","{3., 0.722921889435081}","{3.05, 0.7412045325647585}","{3.1, 0.7595601097423191}","{3.15, 0.7779863658617231}","{3.2, 0.7964811296689615}","{3.25, 0.8150423104954606}","{3.3, 0.8336678950883551}","{3.35, 0.8523559445409391}","{3.4, 0.8711045913253112}","{3.45, 0.88991203642807}","{3.5, 0.9087765465894416}","{3.55, 0.9276964516447981}","{3.6, 0.9466701419676796}","{3.65, 0.9656960660124815}","{3.7, 0.9847727279546994}","Missing[""Filtered""]","Missing[""Filtered""]","Missing[""Filtered""]","Missing[""Filtered""]","Missing[""Filtered""]","Missing[""Filtered""]","Missing[""Filtered""]","Missing[""Filtered""]","Missing[""Filtered""]","Missing[""Filtered""]","Missing[""Filtered""]","Missing[""Filtered""]","Missing[""Filtered""]","Missing[""Filtered""]","Missing[""Filtered""]","Missing[""Filtered""]","Missing[""Filtered""]","Missing[""Filtered""]","Missing[""Filtered""]","Missing[""Filtered""]","Missing[""Filtered""]","Missing[""Filtered""]","Missing[""Filtered""]","Missing[""Filtered""]","Missing[""Filtered""]","Missing[""Filtered""]"
"Missing[""Filtered""]","Missing[""Filtered""]","Missing[""Filtered""]","Missing[""Filtered""]","Missing[""Filtered""]","Missing[""Filtered""]","Missing[""Filtered""]","Missing[""Filtered""]","Missing[""Filtered""]","Missing[""Filtered""]","Missing[""Filtered""]","Missing[""Filtered""]","{0.6500000000000001, 0.002611731114531645}","{0.7000000000000001, 0.012916239322150956}","{0.7500000000000001, 0.02337982933646265}","{0.8, 0.03402667932657082}","{0.8500000000000001, 0.04487347582554013}","{0.9000000000000001, 0.05593171442359427}","{0.9500000000000001, 0.06720915130698533}","{1., 0.0787107558987628}","{1.05, 0.09043936079404495}","{1.1, 0.10239612233307281}","{1.1500000000000001, 0.1145808591235905}","{1.2000000000000002, 0.1269923094845368}","{1.2500000000000002, 0.13962833331404242}","{1.3, 0.15248607459124297}","{1.35, 0.16556209502868552}","{1.4000000000000001, 0.1788524858464159}","{1.4500000000000002, 0.1923529623995691}","{1.5000000000000002, 0.20605894495915794}","{1.55, 0.2199656280192978}","{1.6, 0.23406803989742328}","{1.6500000000000001, 0.2483610939906409}","{1.7000000000000002, 0.26283963277880007}","{1.7500000000000002, 0.27749846547478013}","{1.8, 0.2923324000868103}","{1.85, 0.30733627055604196}","{1.9000000000000001, 0.3225049595534387}","{1.9500000000000002, 0.33783341745552664}","{2., 0.353316677963879}","{2.05, 0.36894987078542985}","{2.1, 0.3847282317480493}","{2.15, 0.4006471106867841}","{2.1999999999999997, 0.41670197740132053}","{2.25, 0.4328884259520008}","{2.3, 0.4492021775327765}","{2.35, 0.46563908213176214}","{2.4, 0.4821951191654357}","{2.45, 0.4988663972501999}","{2.5, 0.5156491532545734}","{2.55, 0.5325397507569847}","{2.6, 0.5495346780180201}","{2.65, 0.5666305455611493}","{2.7, 0.5838240834432921}","{2.75, 0.601112138284813}","{2.8, 0.6184916701186876}","{2.85, 0.6359597491098993}","{2.9, 0.6535135521876685}","{2.95, 0.671150359627428}","{3., 0.688867551612391}","{3.05, 0.7066626048005241}","{3.1, 0.7245330889176015}","{3.15, 0.742476663393455}","{3.2, 0.7604910740554365}","{3.25, 0.7785741498899117}","{3.3, 0.796723799880811}","{3.35, 0.8149380099313749}","{3.4, 0.8332148398744499}","{3.45, 0.8515524205745603}","{3.5, 0.8699489511239499}","{3.55, 0.8884026961339525}","{3.6, 0.9069119831218573}","{3.65, 0.925475199993096}","{3.7, 0.9440907926176231}","{3.75, 0.9627572624992651}","{3.8, 0.9814731645362186}","Missing[""Filtered""]","Missing[""Filtered""]","Missing[""Filtered""]","Missing[""Filtered""]","Missing[""Filtered""]","Missing[""Filtered""]","Missing[""Filtered""]","Missing[""Filtered""]","Missing[""Filtered""]","Missing[""Filtered""]","Missing[""Filtered""]","Missing[""Filtered""]","Missing[""Filtered""]","Missing[""Filtered""]","Missing[""Filtered""]","Missing[""Filtered""]","Missing[""Filtered""]","Missing[""Filtered""]","Missing[""Filtered""]","Missing[""Filtered""]","Missing[""Filtered""]","Missing[""Filtered""]","Missing[""Filtered""]","Missing[""Filtered""]"
