Key,Item Type,Publication Year,Author,Title,Publication Title,ISBN,ISSN,DOI,Url,Abstract Note,Date,Date Added,Date Modified,Access Date,Pages,Num Pages,Issue,Volume,Number Of Volumes,Journal Abbreviation,Short Title,Series,Series Number,Series Text,Series Title,Publisher,Place,Language,Rights,Type,Archive,Archive Location,Library Catalog,Call Number,Extra,Notes,File Attachments,Link Attachments,Manual Tags,Automatic Tags,Editor,Series Editor,Translator,Contributor,Attorney Agent,Book Author,Cast Member,Commenter,Composer,Cosponsor,Counsel,Interviewer,Producer,Recipient,Reviewed Author,Scriptwriter,Words By,Guest,Number,Edition,Running Time,Scale,Medium,Artwork Size,Filing Date,Application Number,Assignee,Issuing Authority,Country,Meeting Name,Conference Name,Court,References,Reporter,Legal Status,Priority Numbers,Programming Language,Version,System,Code,Code Number,Section,Session,Committee,History,Legislative Body
DUFEKPY3,journalArticle,1991,"Ellsbury, M. M.",Development of the Immature Stages of the Clover Stem Borer (Coleoptera: Languriidae) at Constant Temperatures,Environmental Entomology,,"1938-2936, 0046-225X",10.1093/ee/20.4.1181,https://academic.oup.com/ee/article-lookup/doi/10.1093/ee/20.4.1181,,1991-08-01,2025-06-05 09:17:01,2025-06-05 09:17:01,2025-06-05 09:17:01,1181-1186,,4,20,,,Development of the Immature Stages of the Clover Stem Borer (Coleoptera,,,,,,,en,,,,,DOI.org (Crossref),,,,,,,,,,,,,,,,,,,,,,,,,,,,,,,,,,,,,,,,,,,,,,,,,,,,,
WP7TN7HN,journalArticle,2005,"Son, Youngsoo; Lewis, Edwin E.",Modelling temperature‐dependent development and survival of <i>Otiorhynchus sulcatus</i> (Coleoptera: Curculionidae),Agricultural and Forest Entomology,,"1461-9555, 1461-9563",10.1111/j.1461-9555.2005.00260.x,https://resjournals.onlinelibrary.wiley.com/doi/10.1111/j.1461-9555.2005.00260.x,"Abstract                1 We conducted a laboratory experiment to quantify the stage‐specific effects of temperature on development time and survival of               Otiorhynchus sulcatus               (Fabricius) (Coleoptera: Curculionidae), a serious economic pest of horticultural crops. Quantification of the relationship between stage development and temperature is required to predict seasonal occurrence of particular life stages and to optimize the timing of monitoring and control tactics.                          2 Temperature‐dependent survival rate was quantified using an extreme value function and showed a skewed bell shape, due to the vulnerability of the insect to high temperature in all stages.                            3 The development times of               O. sulcatus               decreased with increasing temperature up to 27 °C for eggs and 24 °C for larvae and pupae. The nonlinear relationship between development rate and temperature was described using the Logan model, and enabled us to estimate the optimum temperature for development.                          4 The inherent variation of development time was estimated from the cumulative frequency of stage emergence, which was modelled using the cumulative Weibull function.             5 The stage emergence model, which simulated the transition from one stage to the next in relation to temperature and cohort age, was constructed by incorporating stage‐specific survival and development rate submodels with the Weibull model of stage frequency.                            6 Our results show a difference in optimal temperature regime among developmental stages of               O. sulcatus               .",2005-08,2025-06-05 09:17:07,2025-06-05 09:17:07,2025-06-05 09:17:07,201-209,,3,7,,Agri and Forest Entomology,Modelling temperature‐dependent development and survival of <i>Otiorhynchus sulcatus</i> (Coleoptera,,,,,,,en,,,,,DOI.org (Crossref),,,,,,,,,,,,,,,,,,,,,,,,,,,,,,,,,,,,,,,,,,,,,,,,,,,,,
JGJ3TY6I,journalArticle,2002,"Bryant, Simon R.; Thomas, Chris D.; Bale, Jeffrey S.",The influence of thermal ecology on the distribution of three nymphalid butterflies,Journal of Applied Ecology,,"0021-8901, 1365-2664",10.1046/j.1365-2664.2002.00688.x,https://besjournals.onlinelibrary.wiley.com/doi/10.1046/j.1365-2664.2002.00688.x,"Summary                                                                Studies have shown that many adult and immature insects are able to maintain body temperature well above, and often independently of, ambient temperature in the presence of direct solar radiation. They may do so directly by basking, or indirectly via microhabitat choice. The implications for this are often ignored in development models that serve to predict species’ responses to climate change.                                                                          To investigate the difference in development times attributable to solar input, field development of                     Aglais urticae                     ,                     Inachis io                     and                     Polygonia c‐album                     larvae (Lepidoptera: Nymphalidae) was followed both in a natural open situation and in an artificially shaded environment. Each species completed development more quickly in the open, equivalent to a 20%, 10% and 15% reduction in development time, respectively.                                                                                             Observed development times in the artificially shaded environment were used to compare the techniques of rate summation and degree‐day modelling. Rate summation models were found to describe development in the shade best for                     A. urticae                     and                     I. io                     , although a degree‐day model performed best for                     P. c‐album                     , possible reasons for which are discussed. The best‐performing models for each species were modified to include larval thermoregulation data, assuming a linear relationship between body and ambient temperatures during the measured sunshine hours each day, and tested against observed development times in the open situation. Times for 50% adult emergence were predicted exactly for                     A. urticae                     , and to an accuracy of 1 day for                     I. io                     and 5 days for                     P. c‐album                     .                                                                                             The models were tested further using climate data from 128 UK Meteorological Office weather stations across England, Wales and Scotland. Thermoregulation model predictions matched observed UK distribution and voltinism better than predictions made by the standard unmodified models. It was estimated that larval thermoregulation allows                     A. urticae                     and                     I. io                     populations to persist approximately 200 km further north than would otherwise be possible, and that the extent of bivoltinism may be shifted northwards by around 300 km.                                                                        These results have significant implications for predicting the effects of global warming on insects’ geographical ranges, the potential distributions of invasive species, and the phenology and voltinism of introduced biocontrol agents as one component of their likely success.",2002-02,2025-06-05 09:17:15,2025-06-05 09:17:15,2025-06-05 09:17:15,43-55,,1,39,,Journal of Applied Ecology,,,,,,,,en,http://onlinelibrary.wiley.com/termsAndConditions#vor,,,,DOI.org (Crossref),,,,,,,,,,,,,,,,,,,,,,,,,,,,,,,,,,,,,,,,,,,,,,,,,,,,,
QCAGLT85,journalArticle,1994,"Judd, Gary J.R.; Cossentine, Joan E.; Gardiner, Mark G.T.; Thomson, Donald R.","TEMPERATURE-DEPENDENT DEVELOPMENT OF THE SPECKLED GREEN FRUITWORM, <i>ORTHOSIA HIBISCI</i> GUENÉE (LEPIDOPTERA: NOCTUIDAE)",The Canadian Entomologist,,"0008-347X, 1918-3240",10.4039/Ent1261263-5,https://www.cambridge.org/core/product/identifier/S0008347X00007872/type/journal_article,"Abstract                            Temperature-dependent development of eggs, larvae, and pupae of the speckled green fruitworm,               Orthosia hibisci               Guenée, at constant temperatures of 5–30.0 °C, 7.5–27.5 °C, and 0.8–20.8 °C, respectively, was described. Development times decreased with increasing temperatures and minimum developmental times in eggs, larvae, and pupae occurred at ca. 27.5, 25, and 20.8 °C, respectively. Variation in development times of all life stages was modelled accurately (               R               2               values 0.98–0.99) with a Weibull distribution. Relationships between temperature and developmental rates of all life stages were described by linear degree-day (DD) and nonlinear poikilotherm models. There were significant differences (ANOVA,               P               < 0.05) among the slopes of regression equations describing developmental rates of different life stages and larval instars. Minimum developmental temperatures for eggs (3.4 °C), first- through fifth-instar larvae (4.7, 2.9, 3.6, 3.5, and 3.7 °C), and pupae (2.8 °C) were determined by extrapolation of linear regression equations to the               x               -intercept. Median development time of eggs, first- through fifth-instar larvae, and pupae required 99.0, 44.2, 51.5, 52.4, 57.1, 69.9, and 61.3 DD above the minimum developmental temperatures, respectively. Developmental rates of eggs and all larval instars averaged were described by six-parameter models exhibiting low- and high-temperature inhibition. Development of pupae was best described by a four-parameter model exhibiting low- but no high-temperature inhibition. This information should be useful for developing a phenology model to improve management actions against               O               .               hibisci               .                        ,              Résumé                            On trouvera ici la description du développement en fonction de la température chez l’Orthésie verte,               Orthosia hibisci               Guenée, à de températures constantes situées entre 5 et 30 °C dans le cas des oeufs, entre 7,5 et 27,5 °C dans le cas des larves, et entre 0,8 et 20,8 °C dans le cas des chrysalides. La durée du développement diminue à mesure qu’augmente la température et la durée du développement des oeufs est minimale à 27,5 °C, celle des larves à 25,0 °C, et celle des chrysalide à 20,8 °C. Le modèle de Weibull permet de représenter avec exactitude les variations dans la durée du développement à tous les stades (               R               2               entre 0,98 et 0,99). Les relations entre la température et les taux de développement à tous les stades s’expriment par un modèle linéaire degrés-jours (DD) et par un modèle non linéaire qui s’applique aux poïkilothermes. Il existe des différences significatives (analyse de la variance,               P               < 0,05) entre les pentes des droites de régression qui décrivent les taux de développement des différentes étapes de la vie et des différents stades larvaires. Les températures minimales de développement des oeufs (3,4 °C), des larves du premier au cinquième stades (4,7, 2,9, 3,6, 3,5 et 3,7 °C) et des chrysalides (2,8 °C) ont été déterminées par extrapolation des droites de régression jusqu’à leur intersection avec l’axe des               x               . La durée médiane de développement des oeufs nécessite 99,0 degrés-jours au-dessus du seuil inférieur de température de développement, celle du développement des stades larvaires 1 à 5 nécessite 44,2, 51,5, 52,4, 57,1 et 69,9 degrés-jours au-dessus du seuil, et celle du développement des chrysalides nécessite 61,3 degrés-jours au-dessus du seuil. Les taux de développement des oeufs et de tous les stades larvaires pondérés sont décrits au moyen de modèles à six variables qui peuvent être inhibées par des températures trop basses ou trop hautes. Le développement des chrysalides répond à un modèle à quatre variables qui peuvent être inhibées par des températures trop basses, mais pas par des températures trop hautes. Ces résultats peuvent s’avérer utiles dans l’élaboration d’un modèle phénologique de contrôle d’               O. hibisci               .                          [Traduit par la Rédaction]",1994-10,2025-06-05 09:22:49,2025-06-05 09:22:49,2025-06-05 09:22:49,1263-1275,,5,126,,Can Entomol,"TEMPERATURE-DEPENDENT DEVELOPMENT OF THE SPECKLED GREEN FRUITWORM, <i>ORTHOSIA HIBISCI</i> GUENÉE (LEPIDOPTERA",,,,,,,en,https://www.cambridge.org/core/terms,,,,DOI.org (Crossref),,,,,,,,,,,,,,,,,,,,,,,,,,,,,,,,,,,,,,,,,,,,,,,,,,,,,
Y242ELHT,journalArticle,1994,"Judd, G.J.R.; Mcbrien, H. L.",Modeling Temperature-Dependent Development and Hatch of Overwintered Eggs ofCampylomma verbasci(Heteroptera: Miridae),Environmental Entomology,,"1938-2936, 0046-225X",10.1093/ee/23.5.1224,https://academic.oup.com/ee/article-lookup/doi/10.1093/ee/23.5.1224,,1994-10-01,2025-06-05 09:36:22,2025-06-05 09:36:22,2025-06-05 09:36:22,1224-1234,,5,23,,,Modeling Temperature-Dependent Development and Hatch of Overwintered Eggs ofCampylomma verbasci(Heteroptera,,,,,,,en,,,,,DOI.org (Crossref),,,,,,,,,,,,,,,,,,,,,,,,,,,,,,,,,,,,,,,,,,,,,,,,,,,,,
EVPH7PNE,journalArticle,1991,"Judd, G.J.R.; Whitfield, G. H.; Maw, H.E.L.",Temperature-Dependent Development and Phenology of Pepper Maggots (Diptera: Tephritidae) Associated with Pepper and Horsenettle,Environmental Entomology,,"1938-2936, 0046-225X",10.1093/ee/20.1.22,https://academic.oup.com/ee/article-lookup/doi/10.1093/ee/20.1.22,,1991-02-01,2025-06-05 09:41:41,2025-06-05 09:41:41,2025-06-05 09:41:41,22-29,,1,20,,,Temperature-Dependent Development and Phenology of Pepper Maggots (Diptera,,,,,,,en,,,,,DOI.org (Crossref),,,,,,,,,,,,,,,,,,,,,,,,,,,,,,,,,,,,,,,,,,,,,,,,,,,,,
CN7YZTD9,journalArticle,1990,"Gould, Juli R.; Elkinton, Joseph S.","Temperature-Dependent Growth ofCotesia melanoscela(Hymenoptera: Braconidae), a Parasitoid of the Gypsy Moth (Lepidoptera: Lymantriidae)",Environmental Entomology,,"1938-2936, 0046-225X",10.1093/ee/19.4.859,https://academic.oup.com/ee/article-lookup/doi/10.1093/ee/19.4.859,,1990-08-01,2025-06-05 09:44:01,2025-06-05 09:44:01,2025-06-05 09:44:01,859-865,,4,19,,,Temperature-Dependent Growth ofCotesia melanoscela(Hymenoptera,,,,,,,en,,,,,DOI.org (Crossref),,,,,,,,,,,,,,,,,,,,,,,,,,,,,,,,,,,,,,,,,,,,,,,,,,,,,
DUR3YHHF,journalArticle,2001,"Kim, Dong-Soon; Lee, Joon-Ho; Yiem, Myong-Soon",Temperature-Dependent Development of <i>Carposina sasakii</i> (Lepidoptera: Carposinidae) and Its Stage Emergence Models,Environmental Entomology,,"0046-225X, 1938-2936",10.1603/0046-225X-30.2.298,https://academic.oup.com/ee/article-lookup/doi/10.1603/0046-225X-30.2.298,,2001-04-01,2025-06-05 09:50:55,2025-06-05 09:50:55,2025-06-05 09:50:55,298-305,,2,30,,Environ Entomol,Temperature-Dependent Development of <i>Carposina sasakii</i> (Lepidoptera,,,,,,,en,,,,,DOI.org (Crossref),,,,,,,,,,,,,,,,,,,,,,,,,,,,,,,,,,,,,,,,,,,,,,,,,,,,,
QJJ4HYBY,journalArticle,1991,"Knight, A. L.; Beers, E. H.; Elsner, E. A.",Modeling Postdiapause Egg and Nymphal Development of the White Apple Leafhopper (Homoptera: Cicadellidae),Environmental Entomology,,"1938-2936, 0046-225X",10.1093/ee/20.6.1659,https://academic.oup.com/ee/article-lookup/doi/10.1093/ee/20.6.1659,,1991-12-01,2025-06-05 10:03:08,2025-06-05 10:03:08,2025-06-05 10:03:08,1659-1664,,6,20,,,Modeling Postdiapause Egg and Nymphal Development of the White Apple Leafhopper (Homoptera,,,,,,,en,,,,,DOI.org (Crossref),,,,,,,,,,,,,,,,,,,,,,,,,,,,,,,,,,,,,,,,,,,,,,,,,,,,,
BCFHY2XQ,journalArticle,2004,"Lerin, J.",Modeling Embryonic Development in <I>Sitona lineatus</I> (Coleoptera: Curculionidae) in Fluctuating Temperatures,Environmental Entomology,,"0046225X, 0046225X",10.1603/0046-225X-33.2.107,https://academic.oup.com/ee/article-lookup/doi/10.1603/0046-225X-33.2.107,,2004-04-01,2025-06-06 14:24:28,2025-06-06 14:24:28,2025-06-06 14:24:28,107-112,,2,33,,en,Modeling Embryonic Development in <I>Sitona lineatus</I> (Coleoptera,,,,,,,en,,,,,DOI.org (Crossref),,,,,,,,,,,,,,,,,,,,,,,,,,,,,,,,,,,,,,,,,,,,,,,,,,,,,
AQXRRR9X,journalArticle,1994,"Lyons, D. Barry",Development of the Arboreal Stages of the Pine False Webworm (Hymenoptera: Pamphiliidae),Environmental Entomology,,"1938-2936, 0046-225X",10.1093/ee/23.4.846,https://academic.oup.com/ee/article-lookup/doi/10.1093/ee/23.4.846,,1994-08-01,2025-06-06 14:30:29,2025-06-06 14:30:29,2025-06-06 14:30:29,846-854,,4,23,,,Development of the Arboreal Stages of the Pine False Webworm (Hymenoptera,,,,,,,en,,,,,DOI.org (Crossref),,,,,,,,,,,,,,,,,,,,,,,,,,,,,,,,,,,,,,,,,,,,,,,,,,,,,
SF388R65,journalArticle,1987,"Salom, S. M.; Stephen, F. M.; Thompson, L. C.","Development Rates and a Temperature-dependent Model of Pales Weevil, Hylobius pales (Herbst), Development",Environmental Entomology,,"1938-2936, 0046-225X",10.1093/ee/16.4.956,https://academic.oup.com/ee/article-lookup/doi/10.1093/ee/16.4.956,,1987-08-01,2025-06-06 14:46:51,2025-06-06 14:46:51,2025-06-06 14:46:51,956-962,,4,16,,,,,,,,,,en,,,,,DOI.org (Crossref),,,,,,,,,,,,,,,,,,,,,,,,,,,,,,,,,,,,,,,,,,,,,,,,,,,,,
TI22VYS4,journalArticle,2001,"Teixeira, Luís A. F.; Polavarapu, Sridhar",Postdiapause Development and Prediction of Emergence of Female Blueberry Maggot (Diptera: Tephritidae),Environmental Entomology,,"0046-225X, 1938-2936",10.1603/0046-225X-30.5.925,https://academic.oup.com/ee/article-lookup/doi/10.1603/0046-225X-30.5.925,,2001-10-01,2025-06-06 14:54:53,2025-06-06 14:54:53,2025-06-06 14:54:53,925-931,,5,30,,Environ Entomol,Postdiapause Development and Prediction of Emergence of Female Blueberry Maggot (Diptera,,,,,,,en,,,,,DOI.org (Crossref),,,,,,,,,,,,,,,,,,,,,,,,,,,,,,,,,,,,,,,,,,,,,,,,,,,,,
FLUA3VDL,journalArticle,1995,"Wagner, Terence L.","Temperature-Dependent Development, Mortality, and Adult Size of Sweetpotato Whitefly Biotype B (Homoptera: Aleyrodidae) on Cotton",Environmental Entomology,,"1938-2936, 0046-225X",10.1093/ee/24.5.1179,https://academic.oup.com/ee/article-lookup/doi/10.1093/ee/24.5.1179,,1995-10-01,2025-06-06 14:58:15,2025-06-06 14:58:15,2025-06-06 14:58:15,1179-1188,,5,24,,,"Temperature-Dependent Development, Mortality, and Adult Size of Sweetpotato Whitefly Biotype B (Homoptera",,,,,,,en,,,,,DOI.org (Crossref),,,,,,,,,,,,,,,,,,,,,,,,,,,,,,,,,,,,,,,,,,,,,,,,,,,,,
REKSVRLA,journalArticle,1987,"Wagner, Terence L.; Fargo, W. Scott; Flamm, Richard O.; Coulson, Robert N.; Pulley, Paul E.",Development and Mortality of Ips calligraphus (Coleoptera: Scolytidae) at Constant Temperatures,Environmental Entomology,,"1938-2936, 0046-225X",10.1093/ee/16.2.484,https://academic.oup.com/ee/article-lookup/doi/10.1093/ee/16.2.484,,1987-04-01,2025-06-06 15:04:12,2025-06-06 15:04:12,2025-06-06 15:04:12,484-496,,2,16,,,Development and Mortality of Ips calligraphus (Coleoptera,,,,,,,en,,,,,DOI.org (Crossref),,,,,,,,,,,,,,,,,,,,,,,,,,,,,,,,,,,,,,,,,,,,,,,,,,,,,
BIHKK6LX,journalArticle,1988,"Wagner, Terence L.; Hennier, Patricia B.; Flamm, Richard O.; Coulson, Robert N.",Development and Mortality of Ips avulsus (Coleoptera: Scolytidae) at Constant Temperatures1,Environmental Entomology,,"1938-2936, 0046-225X",10.1093/ee/17.2.181,https://academic.oup.com/ee/article-lookup/doi/10.1093/ee/17.2.181,,1988-04-01,2025-06-06 15:11:01,2025-06-06 15:11:01,2025-06-06 15:11:01,181-191,,2,17,,,Development and Mortality of Ips avulsus (Coleoptera,,,,,,,en,,,,,DOI.org (Crossref),,,,,,,,,,,,,,,,,,,,,,,,,,,,,,,,,,,,,,,,,,,,,,,,,,,,,
AIPGLTCF,journalArticle,2001,"Wang, J.J.; Tsai, J.H.","Development, survival and reproduction of black citrus aphid, <i>Toxoptera aurantii</i> (Hemiptera: Aphididae), as a function of temperature",Bulletin of Entomological Research,,"0007-4853, 1475-2670",10.1079/BER2001120,https://www.cambridge.org/core/product/identifier/S0007485301000530/type/journal_article,"Abstract                            The development, survival, and reproduction of the black citrus aphid               Toxoptera aurantii               (Boyer de Fonscolombe) were evaluated at ten constant temperatures (4, 7, 10, 15, 20, 25, 28, 30, 32 and 35°C). Development was limited at 4 and 35°C. Between 7 and 32°C, developmental periods of immature stages varied from 44.2 days at 7°C to 5.3 days at 28°C. Overall immature development required 129.9 degree-days above 3.8°C. The upper temperature thresholds of 32.3, 28.6, 29.3, 27.2, and 28.6°C were determined from a non-linear biophysical model for the development of instars 1–4 and overall immature stages, respectively. Immature survivorship varied from 82.1 to 97.7% within the temperature range of 10–30°C. However, immature survivorship was reduced to 26.3%at 7°C and 33.1% at 32°C. Mean adult longevity was the longest (44.2 days) at 15°C and the shortest (6.2 days) at 32°C. The predicted upper temperature limit for adult survivorship was at 32.3°C. Total nymph production increased from 16.3 nymphs per female at 10°C to 58.7 nymphs per female at 20°C, declining to 6.1 nymphs per female at 32°C. The estimation of lower and upper temperature limits for reproduction was at 8.2 and 32.5°C, respectively. The population reared at 28°C had the highest intrinsic rate of increase (0.394), the shortest population doubling time (1.8 days), and shortest mean generation time (9.5 days) compared with the populations reared at six other temperatures. The population reared at 20°C had the highest net reproductive rate (54.6). The theoretical lower and upper temperature limits for population development, survival and reproduction were estimated at 9.4 and 30.4°C, respectively. The biology of               T. aurantii               was also compared with three other citrus aphid species.",2001-12,2025-06-06 15:20:31,2025-06-06 15:20:31,2025-06-06 15:20:31,477-487,,6,91,,Bull. Entomol. Res.,"Development, survival and reproduction of black citrus aphid, <i>Toxoptera aurantii</i> (Hemiptera",,,,,,,en,https://www.cambridge.org/core/terms,,,,DOI.org (Crossref),,,,,,,,,,,,,,,,,,,,,,,,,,,,,,,,,,,,,,,,,,,,,,,,,,,,,
AIMVYETG,journalArticle,1989,"Weseloh, Ronald M.","Temperature-Based Models of Development for the Gypsy Moth (Lepidoptera: Lymantriidae) Predator,Calosoma sycophanta(Coleoptera: Carahidae)",Environmental Entomology,,"1938-2936, 0046-225X",10.1093/ee/18.6.1105,https://academic.oup.com/ee/article-lookup/doi/10.1093/ee/18.6.1105,,1989-12-01,2025-06-06 15:34:50,2025-06-06 15:34:50,2025-06-06 15:34:50,1105-1111,,6,18,,,Temperature-Based Models of Development for the Gypsy Moth (Lepidoptera,,,,,,,en,,,,,DOI.org (Crossref),,,,,,,,,,,,,,,,,,,,,,,,,,,,,,,,,,,,,,,,,,,,,,,,,,,,,
3TZABS2X,journalArticle,2004,"Kim, J. S.; Kim, Y. H.; Kim, J. H; Byeon, Y. W.; Kim, K. H.","Temperature-dependent development and its model of the melon aphid, Aphis gossypii Glover (Homoptera: Aphididae)",Korean journal of applied entomology,,,,,,2004,2025-06-10 14:36:19,2025-06-10 14:38:38,,111-116,,2,43,,,,,,,,,,,,,,,,,,,,,,,,,,,,,,,,,,,,,,,,,,,,,,,,,,,,,,,,,,,,,,,,,,,,
6RANZUZ5,journalArticle,1996,Woodson W.D.; J.J. Jackson; M. M. Ellsbury,Northern Corn Rootworm (Coleoptera: Chrysomelidae) Temperature Requirements for Egg Development,Annals of the Entomological Society of America,,,10.1093/aesa/89.6.898,,,1996,2025-06-11 07:29:13,2025-06-11 07:32:37,,898–903,,6,89,,,,,,,,,,,,,,,,,,,,,,,,,,,,,,,,,,,,,,,,,,,,,,,,,,,,,,,,,,,,,,,,,,,,
GU5KC2T5,journalArticle,1991,"Bentz, Barbara J.; Logan, Jesse A.; Amman, Gene D.",TEMPERATURE-DEPENDENT DEVELOPMENT OF THE MOUNTAIN PINE BEETLE (COLEOPTERA: SCOLYTIDAE) AND SIMULATION OF ITS PHENOLOGY,The Canadian Entomologist,,"0008-347X, 1918-3240",10.4039/Ent1231083-5,https://www.cambridge.org/core/product/identifier/S0008347X00024457/type/journal_article,"Abstract                            Temperature-dependent development of the egg, larval, and pupal life-stages of the mountain pine beetle (               Dendroctonus ponderosae               Hopkins) was described using data from constant-temperature laboratory experiments. A phenology model describing the effect of temperature on the temporal distribution of the life-stages was developed using these data. Phloem temperatures recorded in a beetle-infested lodgepole pine (               Pinus contorta               Douglas) were used as input to run the model. Results from model simulations suggest that inherent temperature thresholds in each life-stage help to synchronize population dynamics with seasonal climatic changes. This basic phenological information and the developed model will facilitate both research and management endeavors aimed at reducing losses in lodgepole pine stands caused by mountain pine beetle infestations.                        ,              Résumé                            On trouvera ici la description du développement de l’oeuf, de la larve et de la nymphe sous l’influence de la température chez le Dendroctone du Pin ponderosa (               Dendroctonus ponderosae               Hopkins), description élaborée à la suite d’observations en laboratoire dans des conditions constantes de température. Les données ont également servi à construire un modèle de la phénologie de l’insecte qui tient compte de l’effet de la température sur la répartition temporelle des divers stades. Les températures du phloème enregistrées dans un Pin ponderosa infesté de coléoptères ont été intégrées au modèle. Les résultats des simulations indiquent que les seuils thermiques inhérents à chacun des stades contribuent à synchroniser la dynamique de la population avec les changements climatiques saisonniers. Cette information phénologique de base et le modèle que nous avons mis au point faciliteront les tentatives de recherche et d’aménagement entreprises dans le but de limiter, dans les forêts de Pins ponderosa, les pertes occasionnées par les infestations de dendroctones.                          [Traduit par la rédaction]",1991-10,2025-06-06 15:47:23,2025-06-06 15:47:23,2025-06-06 15:47:23,1083-1094,,5,123,,Can Entomol,TEMPERATURE-DEPENDENT DEVELOPMENT OF THE MOUNTAIN PINE BEETLE (COLEOPTERA,,,,,,,en,https://www.cambridge.org/core/terms,,,,DOI.org (Crossref),,,,,,,,,,,,,,,,,,,,,,,,,,,,,,,,,,,,,,,,,,,,,,,,,,,,,
R3QJ88GL,journalArticle,2002,"Liu, Shu-Sheng; Chen, Fei-Zhou; Zalucki, Myron P.",Development and Survival of the Diamondback Moth (Lepidoptera: Plutellidae) at Constant and Alternating Temperatures,Environmental Entomology,,"0046-225X, 1938-2936",10.1603/0046-225X-31.2.221,https://academic.oup.com/ee/article-lookup/doi/10.1603/0046-225X-31.2.221,,2002-04-01,2025-06-06 15:56:22,2025-06-06 15:56:22,2025-06-06 15:56:22,221-231,,2,31,,Environ Entomol,Development and Survival of the Diamondback Moth (Lepidoptera,,,,,,,en,,,,,DOI.org (Crossref),,,,,,,,,,,,,,,,,,,,,,,,,,,,,,,,,,,,,,,,,,,,,,,,,,,,,
HVHX7VUE,journalArticle,,Liu,,,,,https://doi.org/10.1017/S0007485399000073,,,,2025-06-06 16:21:56,2025-06-06 16:22:03,,,,,,,,,,,,,,,,,,,,,,,,,,,,,,,,,,,,,,,,,,,,,,,,,,,,,,,,,,,,,,,,,,,,,,,,,
7RJUH9RW,journalArticle,2013,"Gu, Hui-Yeon; Kim, Seon-Gon; O, Hyeong-Geun; Kim, Jeong-Eun; Choi, Deok-Soo; Kim, Do-Ik; Kim, Iksoo","Temperature-dependent Development Model of Larvae of Mealworm beetle, Tenebrio molitor L. (Coleoptera: Tenebrionidae)",Korean journal of applied entomology,,,10.5656/KSAE.2013.11.0.066,https://doi.org/10.5656/KSAE.2013.11.0.066,,2013-12-01,2025-06-10 11:37:51,2025-06-10 11:37:51,2025-06-10 11:37:51,387-394,,4,52,,,"Temperature-dependent Development Model of Larvae of Mealworm beetle, Tenebrio molitor L. (Coleoptera",,,,,,,,,,,,DOI.org (CSL JSON),,,,,,,,,,,,,,,,,,,,,,,,,,,,,,,,,,,,,,,,,,,,,,,,,,,,,
Q76IW6PI,journalArticle,2014,"Park, Hong-Hyun; Ahn, Jeong Joon; Park, Chang-Gyu",Temperature-dependent development of Cnaphalocrocis medinalis Guenée (Lepidoptera: Pyralidae) and their validation in semi-field condition,Journal of Asia-Pacific Entomology,,12268615,10.1016/j.aspen.2013.11.003,https://linkinghub.elsevier.com/retrieve/pii/S1226861513001106,,2014-03,2025-06-10 11:45:11,2025-06-10 11:45:11,2025-06-10 11:45:11,83-91,,1,17,,Journal of Asia-Pacific Entomology,Temperature-dependent development of Cnaphalocrocis medinalis Guenée (Lepidoptera,,,,,,,en,,,,,DOI.org (Crossref),,,,,,,,,,,,,,,,,,,,,,,,,,,,,,,,,,,,,,,,,,,,,,,,,,,,,
LKLRJYT2,journalArticle,2020,"Seo, Bo Yoon; Kim, Eun Young; Ahn, Jeong Joon; Kim, Yonggyun; Kang, Sungtaeg; Jung, Jin Kyo","Development, Reproduction, and Life Table Parameters of the Foxglove Aphid, Aulacorthum solani Kaltenbach (Hemiptera: Aphididae), on Soybean at Constant Temperatures",Insects,,2075-4450,10.3390/insects11050296,https://www.mdpi.com/2075-4450/11/5/296,"We investigated several characteristics of the development and reproduction of the aphid Aulacorthum solani raised on soybean (Glycine max) at 10 constant temperatures between 2.5 and 30 °C, and described the relationship between temperature and several critical biological characteristics using mathematical models. We found that A. solani could survive and reproduce on soybean at temperatures ranging from 5 to 27.5 °C. High fecundity was observed at temperatures from 12.5 to 20 °C. The lower developmental threshold and thermal constant for this species’ nymphal stages were estimated to be 5.02 °C and 131.2 degree-days, respectively, using a linear model. The upper developmental threshold was estimated to be 33.9 °C using the Lactin-2 model. The optimum temperature for nymphal development was estimated to be 26.9 °C. The maximum total fecundity was estimated as ca. 76.9 nymphs per adult at 18.1 °C. The daily fecundity sharply increased at earlier adult ages, and slowly decreased thereafter until final parthenogenesis occurred, over a range of temperatures from 12.5 to 25 °C. The maximum daily fecundity was estimated to be ca. 6.1 nymphs per adult per day for a 5.2 day old of adult at 21.3 °C using an age- and temperature-dependent model of adult fecundity. In terms of life table statistics, the intrinsic rates of increase and the finite rate of increase were both highest at 25 °C, while the net reproductive rate was highest at 20 °C.",2020-05-11,2025-06-10 11:54:22,2025-06-10 11:54:22,2025-06-10 11:54:22,296,,5,11,,Insects,"Development, Reproduction, and Life Table Parameters of the Foxglove Aphid, Aulacorthum solani Kaltenbach (Hemiptera",,,,,,,en,https://creativecommons.org/licenses/by/4.0/,,,,DOI.org (Crossref),,,,,,,,,,,,,,,,,,,,,,,,,,,,,,,,,,,,,,,,,,,,,,,,,,,,,
XNLASJAI,journalArticle,2010,"Park, Chang-Gyu; Kim, Hwang-Yong; Lee, Joon-Ho",Parameter estimation for a temperature-dependent development model of Thrips palmi Karny (Thysanoptera: Thripidae),Journal of Asia-Pacific Entomology,,12268615,10.1016/j.aspen.2010.01.005,https://linkinghub.elsevier.com/retrieve/pii/S1226861510000117,,2010-06,2025-06-10 11:57:02,2025-06-10 11:57:02,2025-06-10 11:57:02,145-149,,2,13,,Journal of Asia-Pacific Entomology,Parameter estimation for a temperature-dependent development model of Thrips palmi Karny (Thysanoptera,,,,,,,en,https://www.elsevier.com/tdm/userlicense/1.0/,,,,DOI.org (Crossref),,,,,,,,,,,,,,,,,,,,,,,,,,,,,,,,,,,,,,,,,,,,,,,,,,,,,
SQQGRE6N,journalArticle,2000,"Lee, Joon-Ho; Ahn, Jeong Joon","Temperature Effects on Development, Fecundity, and Life Table Parameters of <i>Amblyseius womersleyi</i> (Acari: Phytoseiidae)",Environmental Entomology,,"0046-225X, 1938-2936",10.1093/ee/29.2.265,https://academic.oup.com/ee/article-lookup/doi/10.1093/ee/29.2.265,,2000-04-01,2025-06-10 12:04:40,2025-06-10 12:04:40,2025-06-10 12:04:40,265-271,,2,29,,Environ Entomol,"Temperature Effects on Development, Fecundity, and Life Table Parameters of <i>Amblyseius womersleyi</i> (Acari",,,,,,,en,,,,,DOI.org (Crossref),,,,,,,,,,,,,,,,,,,,,,,,,,,,,,,,,,,,,,,,,,,,,,,,,,,,,
SKDQF3F6,journalArticle,2020,"Pollard, Ciarán P.; Griffin, Christine T.; Andrade Moral, Rafael De; Duffy, Catriona; Chuche, Julien; Gaffney, Michael T.; Fealy, Reamonn M.; Fealy, Rowan",phenModel: A temperature-dependent phenology/voltinism model for a herbivorous insect incorporating facultative diapause and budburst,Ecological Modelling,,3043800,10.1016/j.ecolmodel.2019.108910,https://linkinghub.elsevier.com/retrieve/pii/S0304380019304181,,2020-01,2025-06-10 12:41:49,2025-06-10 12:41:49,2025-06-10 12:41:49,108910,,,416,,Ecological Modelling,phenModel,,,,,,,en,,,,,DOI.org (Crossref),,,,,,,,,,,,,,,,,,,,,,,,,,,,,,,,,,,,,,,,,,,,,,,,,,,,,
6MTKPVFD,journalArticle,2020,"Park, Young-gyun; Lee, Joon-Ho",Temperature-dependent development and oviposition models and life history characteristics of Amblyseius eharai (Amitai et Swirski) (Acari: Phytoseiidae) preying on Tetranychus urticae (Koch) (Acari: Tetranychidae),Journal of Asia-Pacific Entomology,,12268615,10.1016/j.aspen.2020.07.021,https://linkinghub.elsevier.com/retrieve/pii/S1226861520303988,,2020-12,2025-06-10 12:50:55,2025-06-10 12:50:55,2025-06-10 12:50:55,869-878,,4,23,,Journal of Asia-Pacific Entomology,Temperature-dependent development and oviposition models and life history characteristics of Amblyseius eharai (Amitai et Swirski) (Acari,,,,,,,en,,,,,DOI.org (Crossref),,,,,,,,,,,,,,,,,,,,,,,,,,,,,,,,,,,,,,,,,,,,,,,,,,,,,
VWS3FCJM,journalArticle,2000,"Liu, Shu-Sheng; Meng, Xue-Duo",Modelling development time of <i>Lipaphis erysimi</i> (Hemiptera: Aphididae) at constant and variable temperatures,Bulletin of Entomological Research,,"0007-4853, 1475-2670",10.1017/S0007485300000468,https://www.cambridge.org/core/product/identifier/S0007485300000468/type/journal_article,"Abstract                            The development period from birth to adult of virginoparae of the turnip aphid,               Lipaphis erysimi               (Kaltenbach), at 14 constant, 15 alternating and 15 natural temperature regimes were modelled to determine mathematical functions for simulating aphid development under a wide range of natural conditions. The day-degree model, the logistic equation, and the Wang model were used to describe the relationships between temperature and development rate at constant and alternating temperatures. The three models were then used with a Weibull function describing the distribution of development times, to simulate the development of individuals of cohorts at natural temperature regimes. Comparison of the observed with simulated distributions of adult emergence indicates that all three models can simulate the development of               L. erysimi               equally well when temperature does not go below 6°C (the notional low temperature threshold of the day-degree model) or above 30°C. When accumulation of temperatures below 6°C becomes substantial, only the logistic curve offers accurate simulations; the other two models give falsely longer durations of development. When accumulation of temperatures above 30°C becomes substantial, the logistic curve and the Wang model offer more accurate simulations than the day-degree model, which tends to produce shorter durations of development. Further analysis of the data reveals that development rate of this aphid at a given unfavourable high temperature may vary with time. Methods for accurately simulating the development time of               L. erysimi               in the field are suggested. The significance of modelling insect development at low and high temperatures by non-linear models is discussed.",2000-08,2025-06-10 13:06:48,2025-06-10 13:06:48,2025-06-10 13:06:48,337-347,,4,90,,Bull. Entomol. Res.,Modelling development time of <i>Lipaphis erysimi</i> (Hemiptera,,,,,,,en,https://www.cambridge.org/core/terms,,,,DOI.org (Crossref),,,,,,,,,,,,,,,,,,,,,,,,,,,,,,,,,,,,,,,,,,,,,,,,,,,,,
C43ZLNNZ,journalArticle,1992,"Whitfield, G. H.; Richards, K. W.","Temperature-dependent development and survival of immature stages of the alfalfa leafcutter bee, Megachile rotundata (Hymenoptera: Megachilidae)",Apidologie,,0044-8435,10.1051/apido:19920102,http://www.apidologie.org/10.1051/apido:19920102,,1992,2025-06-10 13:22:04,2025-06-10 13:22:04,2025-06-10 13:22:04,11-23,,1,23,,Apidologie,"Temperature-dependent development and survival of immature stages of the alfalfa leafcutter bee, Megachile rotundata (Hymenoptera",,,,,,,,,,,,DOI.org (Crossref),,,,,,,,,,,,,,,,,,,,,,,,,,,,,,,,,,,,,,,,,,,,,,,,,,,,,
8R2B4JW2,journalArticle,2017,"Park, Chang-Gyu; Seo, Bo Yoon; Jung, Jin Kyo; Kim, Hwang-Yong; Lee, Si-Woo; Seong, Ki Yeong","Forecasting Spring Emergence of the Asian Corn Borer, Ostrinia furnacalis (Lepidoptera: Crambidae), Based on Postdiapause Development Rate",Journal of Economic Entomology,,"0022-0493, 1938-291X",10.1093/jee/tox272,http://academic.oup.com/jee/article/110/6/2443/4555066,,2017-12-05,2025-06-10 13:51:48,2025-06-10 13:51:48,2025-06-10 13:51:48,2443-2451,,6,110,,,"Forecasting Spring Emergence of the Asian Corn Borer, Ostrinia furnacalis (Lepidoptera",,,,,,,en,,,,,DOI.org (Crossref),,,,,,,,,,,,,,,,,,,,,,,,,,,,,,,,,,,,,,,,,,,,,,,,,,,,,
LA5FG4XL,journalArticle,2021,"Choi, Yong-Seok; Baek, Sunghoon; Kim, Min-Jung",Effect of Temperature on the Development and Survival of Feltiella acarisuga (Vallot) (Diptera: Cecidomyiidae) Preying on Tetranychus urticae (Koch) (Acari: Tetranychidae),Insects,,2075-4450,10.3390/insects12060508,https://www.mdpi.com/2075-4450/12/6/508,"The predatory gall midge, Feltiella acarisuga (Vallot) (Diptera: Cecidomyiidae), is an acarivorous species that mainly feeds on spider mites (Acarina: Tetranychidae). Because of its cosmopolitan distribution and predation efficacy, it is considered an important natural enemy available as a biological agent for augmentative biocontrol. However, despite its practical use, the thermal development and survival response to temperature have not yet been fully studied. In this study, we investigated the stage-specific development and survival of F. acarisuga at seven temperatures (11.5, 15.7, 19.8, 23.4, 27.7, 31.9, and 35.4 °C) to examine the effect of temperature on its lifecycle. All developmental stages could develop at 11.5–31.9 °C, but the performance was different according to the temperature. From the linear development rate models, the lower development threshold and thermal constant of the total immature stage were estimated at 8.2 °C and 200 DD, respectively. The potential optimal and upper threshold temperatures for the total immature stage were estimated as 29.3 and 35.1 °C using a non-linear development model. The operative thermal ranges for development and survival at 80% of the maximum rate were 24.5–32.3 and 14.7–28.7 °C, respectively. Thus, it was suggested that 24.5–28.7 °C was suitable for the total immature stage. In contrast, conditions around 8 °C and 35 °C should be avoided due to the lower development rate and high mortality. Our findings provide fundamental information for an effective mass-rearing and releasing program of F. acarisuga in an augmentative biocontrol program and help to predict phenology.",2021-05-31,2025-06-10 13:57:58,2025-06-10 13:57:58,2025-06-10 13:57:58,508,,6,12,,Insects,Effect of Temperature on the Development and Survival of Feltiella acarisuga (Vallot) (Diptera,,,,,,,en,https://creativecommons.org/licenses/by/4.0/,,,,DOI.org (Crossref),,,,,,,,,,,,,,,,,,,,,,,,,,,,,,,,,,,,,,,,,,,,,,,,,,,,,
WEJHDT8I,journalArticle,2022,"Nguyen, Hai Nam; Lee, In Jun; Kim, Hyuck Joo; Hong, Ki-Jeong",Temperature-Dependent Development of the Post-Diapause Periods of the Apricot Seed Wasp Eurytoma maslovskii (Hymenoptera: Eurytomidae): An Implication for Spring Emergence Prediction Models,Insects,,2075-4450,10.3390/insects13080722,https://www.mdpi.com/2075-4450/13/8/722,"The present study investigates the influence of temperature on the development of Eurytoma maslovskii after a diapause break up until adulthood. The insect development rate was fitted to both linear and nonlinear models to estimate thermal bioparameters, which served as the basis for constructing prediction models. Chilled apricot seeds collected in November were used for the experiments in March. Experiment 1 used intact seeds, while experiment 2 used overwintered larvae obtained by cracking the endocarp cover. Both larvae and intact seeds were subjected to seven constant temperatures (14.5, 18.8, 21.3, 24.0, 27.0, 30.2, and 34.3 °C). The post-diapause larvae of E. maslovskii developed into adults at a temperature range of 14.5–30.2 °C, and no larvae pupated at 34.3 °C. The lower temperature thresholds (LTs) for post-diapause larva and pupa and the total post-diapause period until adult emergence and until adult exit were 8.1, 8.2, 8.2, and 7.3 °C, respectively, whose thermal constants (DD) were 66.2, 180.2, 246.9, and 336.7 degree days, respectively. The distribution of E. maslovskii at all post-diapause stages was described using a two-parameter Weibull function. The data predicted by the model using accumulated degree days starting from January 1 did not differ by more than three days from the observed field emergence of E. maslovskii. Our data provide insights into the development of E. maslovskii after diapause. Temperature-dependent development supports the use of a degree day model to predict field emergence for pest timing control.",2022-08-12,2025-06-10 14:05:51,2025-06-10 14:05:51,2025-06-10 14:05:51,722,,8,13,,Insects,Temperature-Dependent Development of the Post-Diapause Periods of the Apricot Seed Wasp Eurytoma maslovskii (Hymenoptera,,,,,,,en,https://creativecommons.org/licenses/by/4.0/,,,,DOI.org (Crossref),,,,,,,,,,,,,,,,,,,,,,,,,,,,,,,,,,,,,,,,,,,,,,,,,,,,,
UAEBBX3H,journalArticle,2009,"Kim, T.; Ahn, J.; Lee, J.‐H.","Temperature‐dependent developmental model of <i>Neoseiulus californicus</i> (McGregor) (Acari, Phytoseiidae)",Journal of Applied Entomology,,"0931-2048, 1439-0418",10.1111/j.1439-0418.2008.01343.x,https://onlinelibrary.wiley.com/doi/10.1111/j.1439-0418.2008.01343.x,"Abstract                            The developmental time and survival of immature stages of               Neoseiulus californicus               were studied at nine constant temperatures (12, 16, 24, 24, 28 32, 36, 38 and 40°C), 60–70% RH, and a photoperiod of 16 : 8 (L : D) h. The total mortality of immature               N. californicus               was lowest at 24°C (4.5%) and highest at 38°C (15.2%). The total developmental time decreased with increasing temperature between 12°C (18.38 days) and 32°C (2.98 days), and increased beyond 32°C. The relationship between the developmental rate and temperature was fitted by five nonlinear developmental rate models (Logan 6, Lactin 1, 2 and Briere 1, 2). The nonlinear shape of temperature development was best described by the Lactin 1 model (r               2                = 0.98). The developmental variation of each stage was well described by the three‐parameter Weibull distribution model (r               2                = 0.91–0.93). The temperature‐dependent developmental models of               N. californicus               developed in this study could be used to determine optimal temperature conditions for its mass rearing, to predict its seasonal population dynamics in fruit tree orchards or greenhouse crops, or to develop a population dynamics model of               N. californicus               .",2009-05,2025-06-10 14:12:56,2025-06-10 14:12:56,2025-06-10 14:12:56,284-291,,4,133,,J Applied Entomology,,,,,,,,en,http://onlinelibrary.wiley.com/termsAndConditions#vor,,,,DOI.org (Crossref),,,,,,,,,,,,,,,,,,,,,,,,,,,,,,,,,,,,,,,,,,,,,,,,,,,,,
KAA9YEMV,journalArticle,2014,"Choi, Kyung San; Kim, Dong-Soon",Temperature-dependent development of Ascotis selenaria (Lepidoptera: Geometridae) and its stage emergence models with field validation,Crop Protection,,2612194,10.1016/j.cropro.2014.08.020,https://linkinghub.elsevier.com/retrieve/pii/S0261219414002749,,2014-12,2025-06-10 14:15:17,2025-06-10 14:15:17,2025-06-10 14:15:17,72-79,,,66,,Crop Protection,Temperature-dependent development of Ascotis selenaria (Lepidoptera,,,,,,,en,,,,,DOI.org (Crossref),,,,,,,,,,,,,,,,,,,,,,,,,,,,,,,,,,,,,,,,,,,,,,,,,,,,,
ZG9GF46C,journalArticle,2011,"Park, Chang-Gyu; Park, Hong Hyun; Kim, Kwang Ho","Temperature-dependent Development Model and Forecasting of Adult Emergence of Overwintered Small Brown Planthopper, Laodelphax striatellus Fallen, Population",Korean journal of applied entomology,,,10.5656/KSAE.2011.10.0.62,https://doi.org/10.5656/KSAE.2011.10.0.62,,2011-12-30,2025-06-10 14:21:01,2025-06-10 14:21:01,2025-06-10 14:21:01,343-352,,4,50,,,,,,,,,,,,,,,DOI.org (CSL JSON),,,,,,,,,,,,,,,,,,,,,,,,,,,,,,,,,,,,,,,,,,,,,,,,,,,,,
WRSA2JZ5,journalArticle,2007,"Son, Y.; Lee, J.‐H.; Chung, Y.‐J.","Temperature‐dependent post‐diapause development and prediction of spring emergence of the pine needle gall midge (Dipt., Cecidomyiidae)",Journal of Applied Entomology,,"0931-2048, 1439-0418",10.1111/j.1439-0418.2007.01214.x,https://onlinelibrary.wiley.com/doi/10.1111/j.1439-0418.2007.01214.x,"Abstract:                We determined the influence of temperature on post‐diapause development of overwintered               Thecodiplosis japonensis               Uchida et Inouye (Dipt., Cecidomyiidae) under various treatments (12, 15, 18, 21, 24, 27 and 30°C) in an effort to predict its spring emergence. Survival and developmental period for the overwintered larvae and pupae were significantly influenced by temperature. Linear and nonlinear regression models quantitatively described temperature‐dependent development and survival of               T. japonensis               . The survival models exhibited right‐skewed bell shape patterns for all stages, indicating a more detrimental impact on survival at high temperatures. Theoretical optimum temperatures with highest survival were 22.3, 24.0 and 24.0°C for the overwintered larvae, pupae and total post‐diapause development (the larvae to adults) respectively. Pupal mortality was higher at all temperatures than larval mortality and the suitable range of temperature for pupae was narrower than that of larvae. The nonlinear Briere model estimated that optimum temperatures with the fastest development were 29.1°C for larvae, 27.6°C for pupae and 27.0°C for larvae to adults. In a linear model, the lower threshold temperatures were 5.1, 7.1 and 5.9°C for larvae, pupae, and larvae to adults respectively. A predictive degree‐day model was developed using trap catches of               T. japonensis               adult emergence during 1991–1995. The model accounted for 84.6% of year‐to‐year variation in adult emergence and predicted accurately the median emergence time in 1996.",2007-12,2025-06-10 14:27:46,2025-06-10 14:27:46,2025-06-10 14:27:46,674-683,,9-10,131,,J Applied Entomology,,,,,,,,en,http://onlinelibrary.wiley.com/termsAndConditions#vor,,,,DOI.org (Crossref),,,,,,,,,,,,,,,,,,,,,,,,,,,,,,,,,,,,,,,,,,,,,,,,,,,,,
